JVM,Mean,Std Error
JDK1-1-3,42.495558,0.903785
JDK2-2-1,30.533013,0.977289
JDK2-2-2,45.542312,1.025449
JDK2-3-2,39.339645,0.908983
JDK3-2-1,32.061684,0.887574
JDK3-2-3,40.810489,0.912512
JDK5-4-4,38.207268,0.962209
JDK5-6-7,40.980027,1.01238
JDK8-9-9,39.051071,1.114443
JDKE,118.210873,2.723601
JDKF,85.138723,2.287495
