JVM,Mean,Std Error
JDK1-1-3,34.624073,0.569885
JDK2-2-1,32.839727,0.666595
JDK2-2-2,33.592528,0.53505
JDK2-3-2,32.224563,0.538348
JDK3-2-1,34.026577,0.68823
JDK3-2-3,34.10238,0.659514
JDK5-4-4,32.364333,0.526043
JDK5-6-7,34.59612,0.695497
JDK8-9-9,31.956548,0.589222
JDKE,33.149472,0.794611
JDKF,34.901927,0.620315
