JVM,Mean,Std Error
JDK1-1-3,55.816579,0.173457
JDK2-2-1,36.507537,0.232798
JDK2-2-2,55.558467,0.196487
JDK2-3-2,56.590156,0.195213
JDK3-2-1,37.683184,0.238638
JDK3-2-3,55.060709,0.194241
JDK5-4-4,58.004896,0.231786
JDK5-6-7,60.298142,0.234724
JDK8-9-9,77.262122,0.386881
JDKE,192.712689,1.029556
JDKF,173.510474,0.74728
