JVM,Mean,Std Error
JDK1-1-3,33.222815,0.598333
JDK2-2-1,24.327906,0.690823
JDK2-2-2,34.158303,0.681122
JDK2-3-2,32.679666,0.6575
JDK3-2-1,22.57429,0.625938
JDK3-2-3,34.819452,0.702279
JDK5-4-4,29.044341,0.712099
JDK5-6-7,33.160179,0.731751
JDK8-9-9,27.647242,0.744615
JDKE,83.682763,1.217181
JDKF,95.388356,0.988909
