JVM,Mean,Std Error
JDK1-1-3,41.77198,0.627089
JDK2-2-1,36.025637,0.581561
JDK2-2-2,39.016841,0.495156
JDK2-3-2,38.638329,0.553031
JDK3-2-1,34.711776,0.559786
JDK3-2-3,37.82383,0.489843
JDK5-4-4,37.786363,0.486316
JDK5-6-7,37.128713,0.517308
JDK8-9-9,37.183577,0.506342
JDKE,36.862553,0.786215
JDKF,41.429512,0.632674
