JVM,Mean,Std Error
JDK1-1-3,16.526593,0.213651
JDK2-2-1,13.93925,0.194523
JDK2-2-2,17.105611,0.222994
JDK2-3-2,15.511323,0.210811
JDK3-2-1,13.834946,0.198575
JDK3-2-3,15.89747,0.25684
JDK5-4-4,15.283126,0.226882
JDK5-6-7,14.723791,0.180047
JDK8-9-9,14.476735,0.204164
JDKE,28.533478,0.70551
JDKF,20.782631,0.407495
