JVM,Mean,Std Error
JDK1-1-3,43.792746,2.964636
JDK2-2-1,26.414508,1.80362
JDK2-2-2,38.145078,2.707943
JDK2-3-2,37.823834,2.590118
JDK3-2-1,24.766839,2.206195
JDK3-2-3,39.108808,2.790557
JDK5-4-4,36.901554,2.499229
JDK5-6-7,39.854922,2.586625
JDK8-9-9,43.150259,2.809764
JDKE,84.292035,4.17891
JDKF,81.197115,2.869073
