JVM,Mean,Std Error
JDK1-1-3,39.469441,0.835296
JDK2-2-1,28.249645,0.868748
JDK2-2-2,43.670922,0.967117
JDK2-3-2,36.533333,0.775906
JDK3-2-1,25.946099,0.733377
JDK3-2-3,37.982979,0.72951
JDK5-4-4,37.74727,0.710311
JDK5-6-7,39.173167,0.78709
JDK8-9-9,35.294533,0.720674
JDKE,128.196796,2.991321
JDKF,125.112591,2.12131
