JVM,Mean,Std Error
JDK1-1-3,39.538872,0.647339
JDK2-2-1,17.740806,0.647255
JDK2-2-2,37.992469,0.6991
JDK2-3-2,37.246127,0.743862
JDK3-2-1,19.982466,0.683911
JDK3-2-3,36.335129,0.728163
JDK5-4-4,35.110508,0.803339
JDK5-6-7,35.478079,0.784075
JDK8-9-9,30.603581,0.852224
JDKE,248.094193,1.727508
JDKF,259.432706,1.319534
