JVM,Mean,Std Error
JDK1-1-3,20.316861,0.288423
JDK2-2-1,16.939711,0.321719
JDK2-2-2,21.713486,0.373956
JDK2-3-2,19.505164,0.334077
JDK3-2-1,16.793866,0.325985
JDK3-2-3,19.21214,0.335777
JDK5-4-4,20.956217,0.365618
JDK5-6-7,20.9322,0.365199
JDK8-9-9,21.818502,0.470241
JDKE,156.105755,2.889649
JDKF,139.636587,2.009534
