JVM,Mean,Std Error
JDK1-1-3,51.670711,1.057688
JDK2-2-1,34.948375,1.601991
JDK2-2-2,60.449136,1.479239
JDK2-3-2,63.032882,1.621365
JDK3-2-1,36.134357,1.34372
JDK3-2-3,62.75717,1.604635
JDK5-4-4,58.225352,1.482138
JDK5-6-7,60.417178,1.562899
JDK8-9-9,61.095768,1.743278
JDKE,132.154605,3.681092
JDKF,150.659292,2.305285
