JVM,Mean,Std Error
JDK1-1-3,54.521739,3.783023
JDK2-2-1,52.931677,3.812829
JDK2-2-2,68.248447,3.926311
JDK2-3-2,52.857143,3.824791
JDK3-2-1,53.043478,4.483911
JDK3-2-3,55.403727,3.953352
JDK5-4-4,60.670807,3.64668
JDK5-6-7,52.360248,3.514064
JDK8-9-9,58.335404,3.750165
JDKE,46.074074,4.453629
JDKF,40.923611,3.658912
