JVM,Mean,Std Error
JDK1-1-3,50.556498,0.228007
JDK2-2-1,24.97502,0.313948
JDK2-2-2,49.609675,0.290439
JDK2-3-2,52.085517,0.27912
JDK3-2-1,27.019364,0.329784
JDK3-2-3,52.323547,0.286846
JDK5-4-4,58.382861,0.373097
JDK5-6-7,59.728112,0.397668
JDK8-9-9,66.342749,0.471527
JDKE,171.985653,0.238414
JDKF,180.765524,0.187538
