JVM,Mean,Std Error
JDK1-1-3,131.770086,0.464062
JDK2-2-1,95.053973,0.674028
JDK2-2-2,141.188,0.542576
JDK2-3-2,140.264621,0.58776
JDK3-2-1,92.880056,0.700618
JDK3-2-3,128.474667,0.497918
JDK5-4-4,133.002115,0.490279
JDK5-6-7,130.961904,0.54323
JDK8-9-9,141.13554,0.482897
JDKE,149.29271,0.711795
JDKF,143.788491,0.570021
