JVM,Mean,Std Error
JDK1-1-3,24.323435,0.545655
JDK2-2-1,20.581907,0.574879
JDK2-2-2,24.429127,0.542875
JDK2-3-2,21.757328,0.516313
JDK3-2-1,19.762124,0.552932
JDK3-2-3,23.361005,0.570995
JDK5-4-4,21.693329,0.510578
JDK5-6-7,22.707682,0.586266
JDK8-9-9,19.716722,0.465729
JDKE,25.261059,1.118728
JDKF,24.533549,0.8267
