JVM,Mean,Std Error
JDK1-1-3,53.338936,2.117311
JDK2-2-1,32.781538,1.831588
JDK2-2-2,53.095652,2.264116
JDK2-3-2,50.960961,2.164159
JDK3-2-1,39.215339,2.209588
JDK3-2-3,40.95356,2.03161
JDK5-4-4,50.910769,2.194538
JDK5-6-7,46.99696,2.08438
JDK8-9-9,44.919614,2.041512
JDKE,105.560606,4.109412
JDKF,50.569307,2.515135
