JVM,Mean,Std Error
JDK1-1-3,93.126577,0.665107
JDK2-2-1,85.427196,0.879609
JDK2-2-2,96.705361,0.747139
JDK2-3-2,90.614111,0.66731
JDK3-2-1,83.311994,1.109542
JDK3-2-3,90.241501,0.646275
JDK5-4-4,95.542515,0.685992
JDK5-6-7,94.568575,0.638609
JDK8-9-9,97.137917,0.62208
JDKE,103.233385,1.060742
JDKF,100.174666,0.701034
