JVM,Mean,Std Error
JDK1-1-3,38.259067,2.623273
JDK2-2-1,34.321244,2.823232
JDK2-2-2,36.92228,2.437285
JDK2-3-2,35.917098,2.580937
JDK3-2-1,30.196891,2.453741
JDK3-2-3,46.414508,2.792307
JDK5-4-4,42.041451,2.728077
JDK5-6-7,31.07772,2.118582
JDK8-9-9,35.34715,2.242694
JDKE,89.789474,5.249651
JDKF,55.418269,3.718222
