JVM,Mean,Std Error
JDK1-1-3,22.858284,0.435767
JDK2-2-1,21.362757,0.55223
JDK2-2-2,20.947,0.358079
JDK2-3-2,21.166498,0.484326
JDK3-2-1,21.689032,0.496385
JDK3-2-3,20.119146,0.422981
JDK5-4-4,23.930117,0.655211
JDK5-6-7,21.324996,0.583489
JDK8-9-9,20.755376,0.413797
JDKE,13.770752,0.221436
JDKF,11.858043,0.121889
