JVM,Mean,Std Error
JDK1-1-3,25.981174,0.44776
JDK2-2-1,14.183643,0.423412
JDK2-2-2,22.631707,0.541
JDK2-3-2,19.86741,0.476734
JDK3-2-1,14.616515,0.434654
JDK3-2-3,20.112797,0.480319
JDK5-4-4,19.285093,0.526207
JDK5-6-7,19.116018,0.518227
JDK8-9-9,19.224031,0.577106
JDKE,256.987633,6.607436
JDKF,234.718095,4.403935
