JVM,Mean,Std Error
JDK1-1-3,81.0,23.671361
JDK2-2-1,88.628428,0.886353
JDK2-2-2,111.375761,0.535564
JDK2-3-2,107.425172,0.534076
JDK3-2-1,96.465916,0.808386
JDK3-2-3,112.929702,0.526692
JDK5-4-4,112.698188,0.562119
JDK5-6-7,109.139325,0.527659
JDK8-9-9,115.919615,0.510308
JDKE,121.575936,0.775843
JDKF,118.072196,0.590526
