JVM,Mean,Std Error
JDK1-1-3,109.514175,0.948466
JDK2-2-1,90.634987,1.384576
JDK2-2-2,110.516109,0.893664
JDK2-3-2,108.541579,0.895534
JDK3-2-1,97.249618,1.714079
JDK3-2-3,108.12165,0.874785
JDK5-4-4,105.20432,0.855439
JDK5-6-7,109.923053,0.872591
JDK8-9-9,111.368585,0.888913
JDKE,110.383869,1.251478
JDKF,111.524398,0.879109
