JVM,Mean,Std Error
JDK1-1-3,67.211563,1.513268
JDK2-2-1,56.055717,1.164428
JDK2-2-2,60.632376,1.268165
JDK2-3-2,57.105665,1.347575
JDK3-2-1,58.726858,1.227484
JDK3-2-3,60.561804,1.297867
JDK5-4-4,55.739295,1.087538
JDK5-6-7,57.918236,1.159045
JDK8-9-9,55.379715,1.304836
JDKE,40.017516,0.706267
JDKF,41.472778,0.466077
