JVM,Mean,Std Error
JDK1-1-3,57.1133,1.311734
JDK2-2-1,53.441683,1.745933
JDK2-2-2,61.005671,1.595306
JDK2-3-2,62.566474,1.601722
JDK3-2-1,50.193548,1.782569
JDK3-2-3,54.003824,1.287133
JDK5-4-4,53.308793,1.426467
JDK5-6-7,60.174442,1.631507
JDK8-9-9,59.790646,1.637713
JDKE,96.958449,3.172974
JDKF,72.577562,2.634911
