JVM,Mean,Std Error
JDK1-1-3,126.535818,1.115213
JDK2-2-1,89.442875,1.887251
JDK2-2-2,114.085164,1.210595
JDK2-3-2,126.145376,1.131963
JDK3-2-1,84.984506,2.069275
JDK3-2-3,123.76777,1.121211
JDK5-4-4,116.134042,1.142511
JDK5-6-7,119.143827,1.064366
JDK8-9-9,111.413053,1.149996
JDKE,94.474124,1.793
JDKF,101.73049,1.117144
