JVM,Mean,Std Error
JDK1-1-3,88.594639,1.219918
JDK2-2-1,65.6,1.709447
JDK2-2-2,88.290163,1.179956
JDK2-3-2,89.174162,1.306712
JDK3-2-1,68.763774,2.008529
JDK3-2-3,85.843575,1.269729
JDK5-4-4,93.450889,1.263158
JDK5-6-7,90.443567,1.237265
JDK8-9-9,89.928287,1.29445
JDKE,82.218553,1.690776
JDKF,94.468706,1.526947
