JVM,Mean,Std Error
JDK1-1-3,90.322148,2.161351
JDK2-2-1,73.768707,3.694818
JDK2-2-2,86.477801,2.23592
JDK2-3-2,87.053364,2.188798
JDK3-2-1,67.134396,3.5381
JDK3-2-3,70.43573,2.047414
JDK5-4-4,82.131291,2.332876
JDK5-6-7,86.00907,2.488172
JDK8-9-9,81.986813,2.337604
JDKE,77.177489,3.072288
JDKF,81.153996,2.206709
