JVM,Mean,Std Error
JDK1-1-3,91.7447,1.241325
JDK2-2-1,57.357299,1.352576
JDK2-2-2,94.224966,1.299481
JDK2-3-2,103.650558,1.168607
JDK3-2-1,51.918589,1.308038
JDK3-2-3,87.540924,1.106062
JDK5-4-4,90.511177,1.058749
JDK5-6-7,86.216166,1.110807
JDK8-9-9,91.074409,1.119135
JDKE,93.864865,1.668594
JDKF,81.99238,1.142109
