JVM,Mean,Std Error
JDK1-1-3,79.838313,2.347139
JDK2-2-1,49.891798,2.485016
JDK2-2-2,87.733102,2.531463
JDK2-3-2,72.078098,2.034937
JDK3-2-1,52.946459,2.491355
JDK3-2-3,85.258232,2.425813
JDK5-4-4,79.713787,2.301427
JDK5-6-7,83.874363,2.452739
JDK8-9-9,73.87307,2.139775
JDKE,75.27551,3.189616
JDKF,73.219684,2.316413
