JVM,Mean,Std Error
JDK1-1-3,75.200233,2.387753
JDK2-2-1,61.707094,2.319103
JDK2-2-2,72.053566,2.447504
JDK2-3-2,70.499532,2.867489
JDK3-2-1,72.476763,3.785297
JDK3-2-3,71.915891,2.520038
JDK5-4-4,60.353248,1.978179
JDK5-6-7,67.20252,2.2571
JDK8-9-9,68.653203,3.257115
JDKE,38.124382,1.169048
JDKF,39.415533,0.816073
