JVM,Mean,Std Error
JDK1-1-3,2.075645,0.201656
JDK2-2-1,2.148021,0.164903
JDK2-2-2,2.634006,0.25574
JDK2-3-2,2.267422,0.177049
JDK3-2-1,2.180318,0.165689
JDK3-2-3,2.488761,0.213775
JDK5-4-4,2.547882,0.211321
JDK5-6-7,2.217215,0.160673
JDK8-9-9,2.362593,0.182411
JDKE,3.811561,0.554984
JDKF,3.805399,0.364489
