JVM,Mean,Std Error
JDK1-1-3,58.003532,0.24618
JDK2-2-1,40.468222,0.338843
JDK2-2-2,57.534837,0.284814
JDK2-3-2,55.511557,0.272525
JDK3-2-1,37.653789,0.331783
JDK3-2-3,53.355534,0.271916
JDK5-4-4,53.738467,0.302555
JDK5-6-7,54.453445,0.299153
JDK8-9-9,52.858455,0.336437
JDKE,173.616102,1.768587
JDKF,152.920136,1.281714
