JVM,Mean,Std Error
JDK1-1-3,60.818991,2.097864
JDK2-2-1,57.710611,2.356395
JDK2-2-2,63.634675,2.489265
JDK2-3-2,64.386293,2.547562
JDK3-2-1,60.552381,2.889349
JDK3-2-3,63.71885,2.435813
JDK5-4-4,66.342857,2.567336
JDK5-6-7,62.478689,2.530884
JDK8-9-9,63.950464,2.380225
JDKE,43.329032,2.686248
JDKF,56.384375,2.494696
