JVM,Mean,Std Error
JDK1-1-3,3.374672,0.295672
JDK2-2-1,3.711522,0.291517
JDK2-2-2,3.587164,0.323675
JDK2-3-2,3.28259,0.24148
JDK3-2-1,3.559825,0.259368
JDK3-2-3,4.207631,0.331581
JDK5-4-4,3.949256,0.31964
JDK5-6-7,3.894086,0.3224
JDK8-9-9,3.702052,0.288393
JDKE,5.097731,0.712498
JDKF,4.919795,0.471981
