JVM,Mean,Std Error
JDK1-1-3,54.216066,0.44447
JDK2-2-1,23.706054,0.541452
JDK2-2-2,55.102689,0.514186
JDK2-3-2,52.837585,0.512246
JDK3-2-1,27.761059,0.59811
JDK3-2-3,53.371244,0.492019
JDK5-4-4,49.150476,0.548605
JDK5-6-7,45.80434,0.526831
JDK8-9-9,50.109091,0.622987
JDKE,182.834894,0.649676
JDKF,173.041254,0.548261
