JVM,Mean,Std Error
JDK1-1-3,28.448,1.977207
JDK2-2-1,25.340206,1.972202
JDK2-2-2,27.793814,2.732958
JDK2-3-2,23.793814,1.974164
JDK3-2-1,26.164948,1.977411
JDK3-2-3,25.237113,1.914729
JDK5-4-4,25.072165,2.012965
JDK5-6-7,29.773196,2.577972
JDK8-9-9,30.350515,2.900262
JDKE,54.015385,4.695819
JDKF,57.446429,3.614638
