JVM,Mean,Std Error
JDK1-1-3,27.660499,0.169452
JDK2-2-1,20.53991,0.155766
JDK2-2-2,27.25125,0.205193
JDK2-3-2,22.417938,0.136702
JDK3-2-1,21.260853,0.162311
JDK3-2-3,23.42255,0.153238
JDK5-4-4,22.494497,0.165792
JDK5-6-7,22.750808,0.163508
JDK8-9-9,20.96,0.175039
JDKE,158.420803,2.311407
JDKF,138.775311,1.736742
