JVM,Mean,Std Error
JDK1-1-3,49.037901,2.114263
JDK2-2-1,28.870091,1.711964
JDK2-2-2,50.962099,2.176112
JDK2-3-2,56.140673,2.325422
JDK3-2-1,29.693215,1.861703
JDK3-2-3,49.063444,2.057726
JDK5-4-4,40.504732,1.931377
JDK5-6-7,50.644377,2.144645
JDK8-9-9,45.432343,2.046677
JDKE,108.176768,3.601478
JDKF,99.5275,2.200273
