JVM,Mean,Std Error
JDK1-1-3,37.974394,0.670196
JDK2-2-1,37.228334,0.239657
JDK2-2-2,49.439514,0.21045
JDK2-3-2,52.111813,0.208956
JDK3-2-1,35.02908,0.232174
JDK3-2-3,50.415869,0.203288
JDK5-4-4,60.921741,0.275217
JDK5-6-7,61.071219,0.272484
JDK8-9-9,66.557721,0.331324
JDKE,109.226605,0.503836
JDKF,92.066777,0.26439
