JVM,Mean,Std Error
JDK1-1-3,32.712058,1.008493
JDK2-2-1,33.797283,1.202924
JDK2-2-2,33.364796,1.150645
JDK2-3-2,31.470818,1.008936
JDK3-2-1,32.974015,1.238738
JDK3-2-3,31.96199,0.980407
JDK5-4-4,32.185597,1.1673
JDK5-6-7,33.028233,1.043285
JDK8-9-9,30.036404,1.28407
JDKE,15.560888,0.484732
JDKF,15.916794,0.273541
