JVM,Mean,Std Error
JDK1-1-3,13.591078,0.972839
JDK2-2-1,12.304498,0.724657
JDK2-2-2,13.064097,0.731677
JDK2-3-2,12.762562,0.909453
JDK3-2-1,11.415922,0.714019
JDK3-2-3,12.721857,0.855193
JDK5-4-4,11.727381,0.60737
JDK5-6-7,11.583238,0.657349
JDK8-9-9,10.671833,0.655723
JDKE,8.539435,0.388519
JDKF,9.553643,0.310561
