JVM,Mean,Std Error
JDK1-1-3,25.131121,0.197445
JDK2-2-1,16.876734,0.187925
JDK2-2-2,27.257043,0.273623
JDK2-3-2,23.355786,0.194495
JDK3-2-1,18.251852,0.21208
JDK3-2-3,23.423414,0.201392
JDK5-4-4,22.461031,0.221789
JDK5-6-7,23.471967,0.234171
JDK8-9-9,21.719521,0.243744
JDKE,260.723164,3.20776
JDKF,268.565569,2.198964
