JVM,Mean,Std Error
JDK1-1-3,46.269663,1.032209
JDK2-2-1,20.468085,0.850796
JDK2-2-2,41.398582,1.059169
JDK2-3-2,38.348936,0.973374
JDK3-2-1,21.940426,0.944679
JDK3-2-3,41.582979,1.024803
JDK5-4-4,39.461187,1.018934
JDK5-6-7,40.730354,1.154762
JDK8-9-9,39.317158,1.089141
JDKE,134.110266,2.473851
JDKF,120.407143,1.58605
