JVM,Mean,Std Error
JDK1-1-3,11.214965,0.392692
JDK2-2-1,10.961563,0.385936
JDK2-2-2,10.948702,0.356358
JDK2-3-2,11.743051,0.362726
JDK3-2-1,11.165325,0.380922
JDK3-2-3,11.272727,0.382119
JDK5-4-4,11.351548,0.373106
JDK5-6-7,11.494096,0.369961
JDK8-9-9,11.450956,0.36492
JDKE,8.423126,0.430219
JDKF,8.99017,0.370179
