JVM,Mean,Std Error
JDK1-1-3,99.26971,1.94738
JDK2-2-1,58.062593,2.488457
JDK2-2-2,103.869132,1.922887
JDK2-3-2,85.483113,1.810973
JDK3-2-1,70.295224,2.653415
JDK3-2-3,81.216741,1.887951
JDK5-4-4,89.257058,1.979255
JDK5-6-7,85.214612,1.824481
JDK8-9-9,86.461538,1.979183
JDKE,77.958084,2.574165
JDKF,84.262463,1.941369
