JVM,Mean,Std Error
JDK1-1-3,137.907991,0.39826
JDK2-2-1,128.839187,1.011619
JDK2-2-2,136.498051,0.414348
JDK2-3-2,137.766465,0.406535
JDK3-2-1,126.869124,0.920044
JDK3-2-3,136.736752,0.408186
JDK5-4-4,137.627732,0.409117
JDK5-6-7,132.851333,0.369931
JDK8-9-9,141.65871,0.400227
JDKE,136.929149,0.538808
JDKF,135.876465,0.382586
