JVM,Mean,Std Error
JDK1-1-3,36.550459,0.614974
JDK2-2-1,32.89029,0.64758
JDK2-2-2,42.635118,0.867516
JDK2-3-2,34.363858,0.575944
JDK3-2-1,33.769325,0.774982
JDK3-2-3,36.588535,0.626827
JDK5-4-4,42.173677,0.769113
JDK5-6-7,41.298246,0.755306
JDK8-9-9,36.69218,0.70059
JDKE,89.280702,2.960024
JDKF,55.974265,2.111804
