JVM,Mean,Std Error
JDK1-1-3,66.585741,0.316031
JDK2-2-1,41.677637,0.508476
JDK2-2-2,65.434867,0.36896
JDK2-3-2,65.566962,0.351107
JDK3-2-1,39.918951,0.500724
JDK3-2-3,66.59722,0.359516
JDK5-4-4,60.460166,0.387147
JDK5-6-7,62.840282,0.394628
JDK8-9-9,62.193665,0.431354
JDKE,286.310073,1.721813
JDKF,288.797853,1.318837
