JVM,Mean,Std Error
JDK2-2-1,17.132683,0.119491
JDK2-2-2,21.56255,0.141104
JDK2-3-2,21.629275,0.130311
JDK3-2-1,17.119406,0.116851
JDK3-2-3,19.99251,0.11903
JDK5-4-4,19.796498,0.12934
JDK5-6-7,20.803363,0.132918
JDK8-9-9,20.950475,0.164829
JDKE,389.64938,1.41212
JDKF,382.789006,1.051643
