JVM,Mean,Std Error
JDK1-1-3,64.211416,1.893502
JDK2-2-1,56.611236,2.292819
JDK2-2-2,68.861996,2.085653
JDK2-3-2,60.911447,1.894718
JDK3-2-1,53.050328,1.886476
JDK3-2-3,55.589633,1.54476
JDK5-4-4,68.292994,2.039061
JDK5-6-7,55.529933,1.552898
JDK8-9-9,57.10962,1.659353
JDKE,49.01626,1.997327
JDKF,62.619883,1.862308
