JVM,Mean,Std Error
JDK1-1-3,10.161141,0.069809
JDK2-2-1,8.51843,0.069206
JDK2-2-2,9.52515,0.063525
JDK2-3-2,9.402942,0.065054
JDK3-2-1,8.357124,0.068817
JDK3-2-3,9.363089,0.066286
JDK5-4-4,8.865818,0.062344
JDK5-6-7,9.167516,0.061881
JDK8-9-9,8.279149,0.055445
JDKE,19.861753,0.27614
JDKF,18.716773,0.196279
