JVM,Mean,Std Error
JDK1-1-3,20.479646,0.115739
JDK2-2-1,17.630709,0.0803
JDK2-2-2,20.694838,0.091033
JDK2-3-2,19.996733,0.075753
JDK3-2-1,16.923716,0.072247
JDK3-2-3,19.148088,0.073352
JDK5-4-4,18.983356,0.081441
JDK5-6-7,19.933577,0.084451
JDK8-9-9,19.538984,0.097469
JDKE,132.254874,1.053809
JDKF,121.106289,0.755975
