JVM,Mean,Std Error
JDK1-1-3,19.644815,0.304362
JDK2-2-1,13.074462,0.318599
JDK2-2-2,16.699539,0.363819
JDK2-3-2,17.955857,0.383958
JDK3-2-1,11.886499,0.291847
JDK3-2-3,17.212666,0.372547
JDK5-4-4,15.08313,0.367191
JDK5-6-7,16.703448,0.394808
JDK8-9-9,15.509561,0.432706
JDKE,156.6546,3.934929
JDKF,140.695343,2.650603
