JVM,Mean,Std Error
JDK1-1-3,54.595046,0.336789
JDK2-2-1,35.925711,0.433329
JDK2-2-2,50.937714,0.376444
JDK2-3-2,51.491581,0.388551
JDK3-2-1,37.949033,0.448643
JDK3-2-3,53.587439,0.359888
JDK5-4-4,52.089305,0.414178
JDK5-6-7,50.153678,0.413729
JDK8-9-9,49.841331,0.460728
JDKE,122.566368,1.10345
JDKF,96.726137,0.809931
