JVM,Mean,Std Error
JDK1-1-3,25.618652,0.403025
JDK2-2-1,17.969582,0.397044
JDK2-2-2,25.303744,0.501477
JDK2-3-2,22.064944,0.42594
JDK3-2-1,16.752915,0.373167
JDK3-2-3,21.842488,0.417348
JDK5-4-4,23.890856,0.476671
JDK5-6-7,23.941753,0.479616
JDK8-9-9,24.221866,0.52843
JDKE,227.834959,4.623016
JDKF,199.672532,3.098393
