JVM,Mean,Std Error
JDK1-1-3,30.128,2.146264
JDK2-2-1,25.319588,1.963889
JDK2-2-2,26.888889,2.288503
JDK2-3-2,23.773196,2.10059
JDK3-2-1,26.536082,2.256294
JDK3-2-3,27.051546,2.195472
JDK5-4-4,26.57732,2.487116
JDK5-6-7,25.649485,2.074226
JDK8-9-9,37.237113,3.704906
JDKE,50.984615,4.209107
JDKF,44.858333,3.471357
