JVM,Mean,Std Error
JDK1-1-3,104.216683,1.987817
JDK2-2-1,76.674443,2.509305
JDK2-2-2,109.53047,1.910309
JDK2-3-2,99.81439,1.766261
JDK3-2-1,73.365363,2.529789
JDK3-2-3,102.054223,1.750745
JDK5-4-4,110.335124,1.943663
JDK5-6-7,97.650364,1.65632
JDK8-9-9,95.344364,1.623521
JDKE,86.292111,2.437827
JDKF,93.063636,1.847459
