JVM,Mean,Std Error
JDK1-1-3,8.385669,0.696792
JDK2-2-1,5.685517,1.144789
JDK2-2-2,6.851845,1.088186
JDK2-3-2,5.464087,0.349286
JDK3-2-1,4.200576,0.203764
JDK3-2-3,4.905302,0.297404
JDK5-4-4,4.188067,0.396233
JDK5-6-7,5.413279,0.867677
JDK8-9-9,3.516876,0.194784
JDKE,3.644914,0.348112
JDKF,4.539672,0.275289
