JVM,Mean,Std Error
JDK1-1-3,66.06247,0.299626
JDK2-2-1,48.828073,0.355984
JDK2-2-2,63.949959,0.250424
JDK2-3-2,64.793745,0.250948
JDK3-2-1,48.256101,0.348071
JDK3-2-3,65.512767,0.244996
JDK5-4-4,68.470278,0.310375
JDK5-6-7,68.82096,0.319315
JDK8-9-9,80.82639,0.522067
JDKE,330.712746,0.957551
JDKF,333.186006,0.709903
