JVM,Mean,Std Error
JDK1-1-3,3.56453,0.304233
JDK2-2-1,3.225637,0.24725
JDK2-2-2,4.015776,0.371247
JDK2-3-2,2.336513,0.195433
JDK3-2-1,3.475556,0.266395
JDK3-2-3,3.262222,0.253709
JDK5-4-4,2.763226,0.262525
JDK5-6-7,3.475066,0.283973
JDK8-9-9,3.874455,0.343134
JDKE,5.918118,0.860836
JDKF,5.644068,0.549371
