JVM,Mean,Std Error
JDK1-1-3,69.774151,0.264016
JDK2-2-1,37.473655,0.399376
JDK2-2-2,70.288908,0.299461
JDK2-3-2,69.589769,0.319504
JDK3-2-1,36.453685,0.380342
JDK3-2-3,65.515884,0.301292
JDK5-4-4,69.260206,0.338726
JDK5-6-7,68.744223,0.328825
JDK8-9-9,65.608422,0.367886
JDKE,138.85691,0.385469
JDKF,119.195045,0.661985
