JVM,Mean,Std Error
JDK1-1-3,20.28908,0.369494
JDK2-2-1,12.598186,0.368172
JDK2-2-2,20.383503,0.44707
JDK2-3-2,17.716046,0.424226
JDK3-2-1,12.19571,0.359947
JDK3-2-3,20.376775,0.454927
JDK5-4-4,20.39324,0.513936
JDK5-6-7,21.176049,0.517805
JDK8-9-9,20.894906,0.596542
JDKE,79.514519,0.70621
JDKF,109.643172,2.173512
