JVM,Mean,Std Error
JDK1-1-3,60.63028,0.468153
JDK2-2-1,51.849174,0.476529
JDK2-2-2,59.249759,0.483371
JDK2-3-2,60.131454,0.463172
JDK3-2-1,52.327537,0.531986
JDK3-2-3,62.734354,0.517358
JDK5-4-4,62.554467,0.498862
JDK5-6-7,59.391077,0.41999
JDK8-9-9,59.822534,0.435711
JDKE,63.867565,0.61923
JDKF,59.596751,0.348869
