JVM,Mean,Std Error
JDK1-1-3,2.271088,0.185394
JDK2-2-1,2.183921,0.170174
JDK2-2-2,2.071305,0.161195
JDK2-3-2,1.996546,0.21487
JDK3-2-1,2.22273,0.186416
JDK3-2-3,2.042849,0.157911
JDK5-4-4,2.005784,0.212448
JDK5-6-7,2.156886,0.166444
JDK8-9-9,2.464183,0.204784
JDKE,3.899888,0.585079
JDKF,3.72049,0.367142
