JVM,Mean,Std Error
JDK1-1-3,46.740326,0.766561
JDK2-2-1,14.614108,0.641874
JDK2-2-2,42.611668,0.856901
JDK2-3-2,43.3437,0.83622
JDK3-2-1,16.879239,0.688662
JDK3-2-3,45.791114,0.870918
JDK5-4-4,39.978275,0.889131
JDK5-6-7,42.698659,0.9476
JDK8-9-9,38.181818,1.022122
JDKE,184.64366,1.519256
JDKF,204.563725,1.087807
