JVM,Mean,Std Error
JDK1-1-3,20.825302,0.33412
JDK2-2-1,20.479303,0.320171
JDK2-2-2,20.713803,0.340592
JDK2-3-2,21.367681,0.332503
JDK3-2-1,20.923383,0.38934
JDK3-2-3,20.731221,0.313203
JDK5-4-4,20.912294,0.297565
JDK5-6-7,21.090874,0.316962
JDK8-9-9,21.252421,0.32083
JDKE,24.73488,0.786944
JDKF,24.109623,0.546807
