JVM,Mean,Std Error
JDK1-1-3,74.166819,1.572732
JDK2-2-1,51.068335,1.84676
JDK2-2-2,70.28812,1.455599
JDK2-3-2,70.477666,1.485872
JDK3-2-1,46.654936,1.900361
JDK3-2-3,72.625592,1.449125
JDK5-4-4,69.454049,1.464938
JDK5-6-7,79.067044,1.514218
JDK8-9-9,72.725254,1.507105
JDKE,76.611524,2.147663
JDKF,78.99499,1.69341
