JVM,Mean,Std Error
JDK1-1-3,46.705244,1.219879
JDK2-2-1,39.31384,2.087341
JDK2-2-2,56.717349,1.573526
JDK2-3-2,50.409357,1.426904
JDK3-2-1,31.883041,1.739676
JDK3-2-3,56.296296,1.515719
JDK5-4-4,50.844075,1.471697
JDK5-6-7,56.869023,1.652754
JDK8-9-9,54.365256,1.599417
JDKE,127.430508,3.534489
JDKF,125.746006,2.215873
