JVM,Mean,Std Error
JDK1-1-3,47.816119,0.137234
JDK2-2-1,26.173747,0.202554
JDK2-2-2,44.753346,0.163012
JDK2-3-2,45.387375,0.157687
JDK3-2-1,26.890277,0.20704
JDK3-2-3,44.396884,0.153191
JDK5-4-4,45.521565,0.17041
JDK5-6-7,46.268056,0.171874
JDK8-9-9,50.071455,0.237269
JDKE,120.509177,0.441632
JDKF,102.988268,0.318962
