JVM,Mean,Std Error
JDK1-1-3,49.56315,1.179301
JDK2-2-1,28.361248,1.344041
JDK2-2-2,48.436782,1.226519
JDK2-3-2,49.881773,1.172997
JDK3-2-1,25.64532,1.311963
JDK3-2-3,47.993432,1.158651
JDK5-4-4,54.412478,1.295803
JDK5-6-7,46.284229,1.248824
JDK8-9-9,46.612086,1.261098
JDKE,140.505051,3.228579
JDKF,144.835459,2.301336
