JVM,Mean,Std Error
JDK1-1-3,45.008696,1.815609
JDK2-2-1,25.767164,1.802437
JDK2-2-2,43.912773,1.836676
JDK2-3-2,47.115727,2.005632
JDK3-2-1,25.139466,1.655462
JDK3-2-3,44.053412,1.806302
JDK5-4-4,44.353623,1.899583
JDK5-6-7,44.864048,1.916462
JDK8-9-9,41.813953,1.98788
JDKE,68.851125,0.942604
JDKF,55.465517,2.837927
