JVM,Mean,Std Error
JDK1-1-3,10.92012,0.955294
JDK2-2-1,5.403782,0.646633
JDK2-2-2,7.362436,1.001311
JDK2-3-2,5.685833,0.371442
JDK3-2-1,5.431129,0.674482
JDK3-2-3,6.518607,0.288925
JDK5-4-4,4.066043,0.21491
JDK5-6-7,4.723869,0.368181
JDK8-9-9,4.229022,0.499853
JDKE,3.453552,0.312603
JDKF,4.973364,0.301268
