JVM,Mean,Std Error
JDK1-1-3,28.077739,0.344776
JDK2-2-1,24.201212,0.509839
JDK2-2-2,30.350064,0.424779
JDK2-3-2,34.064516,0.640806
JDK3-2-1,25.297949,0.600484
JDK3-2-3,31.690037,0.535935
JDK5-4-4,39.842605,0.800453
JDK5-6-7,34.080972,0.514546
JDK8-9-9,32.198319,0.631575
JDKE,101.846983,3.186636
JDKF,55.654964,2.172502
