JVM,Mean,Std Error
JDK1-1-3,39.101871,1.307894
JDK2-2-1,43.537473,3.691141
JDK2-2-2,40.209644,1.404763
JDK2-3-2,37.939148,1.261295
JDK3-2-1,39.837067,1.579134
JDK3-2-3,38.37581,1.34961
JDK5-4-4,39.513627,1.286263
JDK5-6-7,45.032397,1.536555
JDK8-9-9,39.286624,1.238822
JDKE,44.529661,1.982755
JDKF,56.511719,1.910839
