JVM,Mean,Std Error
JDK1-1-3,59.346939,0.363415
JDK2-2-1,31.502073,0.513082
JDK2-2-2,63.789474,0.40752
JDK2-3-2,62.330637,0.389434
JDK3-2-1,35.510575,0.547723
JDK3-2-3,64.411359,0.387446
JDK5-4-4,63.085221,0.427178
JDK5-6-7,64.073347,0.432034
JDK8-9-9,61.723954,0.483179
JDKE,110.224457,0.258614
JDKF,109.1358,1.03586
