JVM,Mean,Std Error
JDK1-1-3,73.440694,0.337915
JDK2-2-1,24.623056,0.489147
JDK2-2-2,72.295377,0.40051
JDK2-3-2,70.842358,0.41376
JDK3-2-1,26.820126,0.510381
JDK3-2-3,72.162695,0.386303
JDK5-4-4,68.275862,0.442593
JDK5-6-7,69.491722,0.435011
JDK8-9-9,68.554863,0.469855
JDKE,216.355382,0.7674
JDKF,206.220895,0.640445
