JVM,Mean,Std Error
JDK1-1-3,31.899413,1.076365
JDK2-2-1,30.910843,1.047157
JDK2-2-2,31.844569,1.041552
JDK2-3-2,30.018469,1.227857
JDK3-2-1,32.483497,1.228322
JDK3-2-3,31.038121,0.996011
JDK5-4-4,30.301964,1.152527
JDK5-6-7,31.906402,1.157341
JDK8-9-9,31.972651,0.988745
JDKE,14.941122,0.398641
JDKF,15.718327,0.22244
