JVM,Mean,Std Error
JDK1-1-3,34.912483,0.651737
JDK2-2-1,18.83305,0.61063
JDK2-2-2,36.212813,0.759104
JDK2-3-2,33.385884,0.69168
JDK3-2-1,23.240293,0.690695
JDK3-2-3,38.098584,0.765989
JDK5-4-4,33.954079,0.759172
JDK5-6-7,36.189389,0.833637
JDK8-9-9,36.835093,0.967393
JDKE,133.860936,2.262971
JDKF,116.756197,1.502601
