JVM,Mean,Std Error
JDK1-1-3,80.143135,0.925351
JDK2-2-1,51.425966,1.312807
JDK2-2-2,71.301818,0.876867
JDK2-3-2,76.276797,0.930991
JDK3-2-1,48.149895,1.217378
JDK3-2-3,70.434678,0.850507
JDK5-4-4,73.697214,0.967402
JDK5-6-7,87.039129,0.914819
JDK8-9-9,82.972211,0.954569
JDKE,82.494409,1.261883
JDKF,82.86766,0.955617
