JVM,Mean,Std Error
JDK1-1-3,38.57971,1.603538
JDK2-2-1,24.286567,1.582832
JDK2-2-2,40.119403,1.712449
JDK2-3-2,45.620795,1.945552
JDK3-2-1,24.46395,1.540101
JDK3-2-3,42.197015,1.906105
JDK5-4-4,44.079027,1.835727
JDK5-6-7,44.714715,1.935405
JDK8-9-9,37.953177,1.767702
JDKE,108.757732,3.460621
JDKF,103.7325,2.35914
