JVM,Mean,Std Error
JDK1-1-3,12.443256,0.819406
JDK2-2-1,11.682263,0.75406
JDK2-2-2,12.723239,0.926537
JDK2-3-2,11.782228,0.673311
JDK3-2-1,13.576337,0.994749
JDK3-2-3,13.929375,1.10136
JDK5-4-4,10.757338,0.691414
JDK5-6-7,9.834806,0.458314
JDK8-9-9,11.668326,0.773146
JDKE,8.435354,0.374538
JDKF,8.97338,0.241761
