JVM,Mean,Std Error
JDK1-1-3,32.663212,2.25572
JDK2-2-1,29.668394,2.56673
JDK2-2-2,36.124352,2.374511
JDK2-3-2,40.818653,2.601318
JDK3-2-1,27.792746,2.392348
JDK3-2-3,35.398964,2.316974
JDK5-4-4,36.621762,2.468418
JDK5-6-7,39.823834,2.508427
JDK8-9-9,34.694301,2.233985
JDKE,91.298246,4.826085
JDKF,50.342593,3.30815
