JVM,Mean,Std Error
JDK1-1-3,14.843877,0.062088
JDK2-2-1,8.619512,0.081167
JDK2-2-2,15.981337,0.090934
JDK2-3-2,16.102807,0.101482
JDK3-2-1,8.862668,0.079629
JDK3-2-3,14.726748,0.075934
JDK5-4-4,15.642422,0.119362
JDK5-6-7,15.592933,0.100055
JDK8-9-9,14.528541,0.101854
JDKE,214.204301,0.669272
JDKF,192.37747,0.383913
