JVM,Mean,Std Error
JDK1-1-3,23.403252,0.486771
JDK2-2-1,11.217818,0.437984
JDK2-2-2,20.468644,0.54375
JDK2-3-2,22.145496,0.587099
JDK3-2-1,12.027017,0.454109
JDK3-2-3,22.120223,0.573731
JDK5-4-4,23.530384,0.674337
JDK5-6-7,20.470645,0.592509
JDK8-9-9,20.433876,0.66084
JDKE,185.155594,3.308088
JDKF,182.971899,2.59224
