JVM,Mean,Std Error
JDK1-1-3,47.076578,1.458674
JDK2-2-1,49.189258,1.810523
JDK2-2-2,46.325313,1.491177
JDK2-3-2,44.410114,1.801586
JDK3-2-1,48.064751,1.745938
JDK3-2-3,43.938131,1.750505
JDK5-4-4,43.692586,1.276188
JDK5-6-7,44.739287,1.334736
JDK8-9-9,44.432414,1.396029
JDKE,32.821908,1.092382
JDKF,35.176926,0.764499
