JVM,Mean,Std Error
JDK1-1-3,64.633324,0.469817
JDK2-2-1,31.036153,0.711785
JDK2-2-2,62.146718,0.549166
JDK2-3-2,65.927694,0.512466
JDK3-2-1,31.911548,0.722735
JDK3-2-3,61.759916,0.543677
JDK5-4-4,61.583773,0.591886
JDK5-6-7,62.558215,0.592519
JDK8-9-9,58.086267,0.626163
JDKE,215.406317,0.73378
JDKF,197.866245,0.597471
