JVM,Mean,Std Error
JDK1-1-3,23.648,1.452395
JDK2-2-1,24.536082,1.91497
JDK2-2-2,24.371134,1.875262
JDK2-3-2,31.072165,3.048972
JDK3-2-1,23.608247,1.888742
JDK3-2-3,23.958763,1.863808
JDK5-4-4,35.814433,3.449231
JDK5-6-7,24.14433,1.866
JDK8-9-9,34.865979,3.65209
JDKE,59.907692,5.181732
JDKF,48.857143,3.280408
