JVM,Mean,Std Error
JDK1-1-3,40.288525,1.986382
JDK2-2-1,35.524752,1.601967
JDK2-2-2,36.590164,1.903342
JDK2-3-2,35.05919,1.710075
JDK3-2-1,39.819936,2.271623
JDK3-2-3,36.976898,1.668971
JDK5-4-4,43.077882,1.825558
JDK5-6-7,41.960133,2.04073
JDK8-9-9,43.135314,1.957428
JDKE,49.716129,3.13568
JDKF,64.690625,2.719906
