JVM,Mean,Std Error
JDK1-1-3,70.921897,0.235876
JDK2-2-1,27.858306,0.375532
JDK2-2-2,71.264725,0.28178
JDK2-3-2,70.906206,0.27681
JDK3-2-1,27.010745,0.375013
JDK3-2-3,69.341374,0.270891
JDK5-4-4,66.901934,0.308849
JDK5-6-7,69.183415,0.301481
JDK8-9-9,68.239594,0.336995
JDKE,213.904773,0.502379
JDKF,211.415247,0.38342
