JVM,Mean,Std Error
JDK1-1-3,67.519472,0.181695
JDK2-2-1,37.107155,0.283411
JDK2-2-2,67.448335,0.214818
JDK2-3-2,69.159077,0.215997
JDK3-2-1,35.40908,0.274384
JDK3-2-3,67.576189,0.206264
JDK5-4-4,68.9863,0.226455
JDK5-6-7,67.432564,0.227434
JDK8-9-9,66.084546,0.26321
JDKE,133.793734,0.572619
JDKF,129.228937,0.418162
