JVM,Mean,Std Error
JDK1-1-3,57.277213,1.745218
JDK2-2-1,45.015827,2.237102
JDK2-2-2,53.256151,1.51525
JDK2-3-2,61.688826,1.778131
JDK3-2-1,39.829726,1.927468
JDK3-2-3,47.344877,1.541227
JDK5-4-4,57.020804,1.553247
JDK5-6-7,52.19562,1.388391
JDK8-9-9,49.175617,1.393444
JDKE,64.701705,2.441085
JDKF,70.043056,1.755307
