JVM,Mean,Std Error
JDK1-1-3,52.185654,0.375411
JDK2-2-1,52.275686,0.400076
JDK2-2-2,54.041937,0.377436
JDK2-3-2,57.242959,0.443337
JDK3-2-1,51.938783,0.413151
JDK3-2-3,53.466214,0.352176
JDK5-4-4,53.793782,0.428587
JDK5-6-7,54.783137,0.385064
JDK8-9-9,54.570139,0.36752
JDKE,61.120955,0.520482
JDKF,56.378944,0.465663
