JVM,Mean,Std Error
JDK1-1-3,21.578342,0.392066
JDK2-2-1,19.529479,0.459771
JDK2-2-2,19.486732,0.376145
JDK2-3-2,18.911918,0.290351
JDK3-2-1,21.126136,0.531838
JDK3-2-3,20.845089,0.448943
JDK5-4-4,19.687875,0.344406
JDK5-6-7,23.329543,0.450175
JDK8-9-9,19.151956,0.402621
JDKE,13.619809,0.186348
JDKF,14.744039,0.093248
