JVM,Mean,Std Error
JDK1-1-3,44.419502,0.19723
JDK2-2-1,21.239195,0.27579
JDK2-2-2,43.287506,0.214241
JDK2-3-2,45.886697,0.223577
JDK3-2-1,20.704736,0.271533
JDK3-2-3,47.355217,0.222173
JDK5-4-4,46.96277,0.238151
JDK5-6-7,45.449571,0.237323
JDK8-9-9,49.550751,0.324493
JDKE,195.429258,0.214492
JDKF,196.820645,0.141595
