JVM,Mean,Std Error
JDK1-1-3,14.36685,0.044251
JDK2-2-1,12.047827,0.057918
JDK2-2-2,14.954422,0.054368
JDK2-3-2,16.624943,0.084769
JDK3-2-1,11.943264,0.053859
JDK3-2-3,14.636469,0.061733
JDK5-4-4,15.712824,0.09046
JDK5-6-7,15.091761,0.064264
JDK8-9-9,14.023831,0.064474
JDKE,80.64925,0.572671
JDKF,79.935285,0.405181
