JVM,Mean,Std Error
JDK1-1-3,17.198404,0.100894
JDK2-2-1,10.785724,0.158301
JDK2-2-2,18.211774,0.147109
JDK2-3-2,20.462866,0.203426
JDK3-2-1,10.29476,0.14162
JDK3-2-3,18.441212,0.162049
JDK5-4-4,21.375456,0.266153
JDK5-6-7,17.967714,0.164843
JDK8-9-9,17.549448,0.207201
JDKE,177.434162,1.680964
JDKF,164.292711,0.993086
