JVM,Mean,Std Error
JDK1-1-3,14.250744,0.407956
JDK2-2-1,13.063027,0.369423
JDK2-2-2,13.373631,0.381512
JDK2-3-2,13.172867,0.388608
JDK3-2-1,12.753348,0.358076
JDK3-2-3,13.206881,0.375873
JDK5-4-4,13.69251,0.35824
JDK5-6-7,12.980127,0.367697
JDK8-9-9,13.581237,0.350846
JDKE,15.419742,0.890092
JDKF,14.000892,0.539436
