JVM,Mean,Std Error
JDK1-1-3,51.647872,0.705793
JDK2-2-1,23.777279,0.548672
JDK2-2-2,42.575646,0.604488
JDK2-3-2,41.454465,0.6404
JDK3-2-1,23.019448,0.502379
JDK3-2-3,40.742031,0.565812
JDK5-4-4,35.823446,0.467684
JDK5-6-7,43.699041,0.63477
JDK8-9-9,31.85313,0.294812
JDKE,39.314597,0.701622
JDKF,33.184072,0.630485
