JVM,Mean,Std Error
JDK1-1-3,51.160151,1.055598
JDK2-2-1,31.59584,1.275482
JDK2-2-2,55.016345,1.216687
JDK2-3-2,49.47839,1.174453
JDK3-2-1,30.561664,1.223191
JDK3-2-3,51.940209,1.22769
JDK5-4-4,48.122314,1.244269
JDK5-6-7,48.472906,1.218125
JDK8-9-9,48.935673,1.283083
JDKE,138.669704,4.11231
JDKF,96.276596,3.202254
