JVM,Mean,Std Error
JDK1-1-3,24.154016,0.396795
JDK2-2-1,13.824305,0.399765
JDK2-2-2,25.790391,0.484396
JDK2-3-2,28.737859,0.541744
JDK3-2-1,13.41305,0.392966
JDK3-2-3,26.234829,0.487519
JDK5-4-4,33.11064,0.652956
JDK5-6-7,25.284959,0.486502
JDK8-9-9,30.544869,0.658677
JDKE,155.392971,2.167847
JDKF,152.726848,1.583593
