JVM,Mean,Std Error
JDK1-1-3,63.567615,0.69959
JDK2-2-1,53.918486,1.239478
JDK2-2-2,64.250074,0.772462
JDK2-3-2,59.460514,0.695043
JDK3-2-1,54.740937,1.151172
JDK3-2-3,64.10352,0.758864
JDK5-4-4,61.207097,0.654074
JDK5-6-7,58.3541,0.670369
JDK8-9-9,61.874815,0.729982
JDKE,66.952607,1.035318
JDKF,73.118307,0.815263
