JVM,Mean,Std Error
JDK1-1-3,54.682446,1.939416
JDK2-2-1,58.783626,3.094321
JDK2-2-2,50.307385,1.725887
JDK2-3-2,63.74433,2.134651
JDK3-2-1,56.345924,3.503797
JDK3-2-3,58.035088,2.101467
JDK5-4-4,82.054581,2.502749
JDK5-6-7,59.449102,1.65522
JDK8-9-9,52.647658,1.761068
JDKE,56.357143,2.928153
JDKF,68.760589,2.07203
