JVM,Mean,Std Error
JDK1-1-3,22.145951,0.320867
JDK2-2-1,16.633415,0.355488
JDK2-2-2,23.347635,0.385182
JDK2-3-2,25.906506,0.431488
JDK3-2-1,15.359312,0.32965
JDK3-2-3,22.992916,0.375546
JDK5-4-4,25.806163,0.441548
JDK5-6-7,24.334023,0.409406
JDK8-9-9,23.993704,0.462148
JDKE,117.825547,1.690391
JDKF,112.266446,1.254634
