JVM,Mean,Std Error
JDK1-1-3,4.840148,0.032549
JDK2-2-1,4.786502,0.030531
JDK2-2-2,5.144719,0.030609
JDK2-3-2,5.299084,0.030127
JDK3-2-1,4.276802,0.029997
JDK3-2-3,5.06673,0.039099
JDK5-4-4,5.209783,0.033884
JDK5-6-7,5.261261,0.029618
JDK8-9-9,4.905328,0.030408
JDKE,5.400553,0.104705
JDKF,4.86656,0.065682
