JVM,Mean,Std Error
JDK1-1-3,91.195263,0.417083
JDK2-2-1,86.542902,0.924774
JDK2-2-2,93.435017,0.430493
JDK2-3-2,85.993297,0.428149
JDK3-2-1,81.412336,0.869875
JDK3-2-3,102.094829,0.443801
JDK5-4-4,96.361838,0.444348
JDK5-6-7,86.361436,0.385679
JDK8-9-9,91.878076,0.413079
JDKE,103.410609,0.597502
JDKF,91.274631,0.410496
