JVM,Mean,Std Error
JDK1-1-3,24.218237,0.400949
JDK2-2-1,22.672465,0.432157
JDK2-2-2,23.32448,0.359328
JDK2-3-2,24.626217,0.385523
JDK3-2-1,21.205199,0.351874
JDK3-2-3,23.332995,0.394098
JDK5-4-4,24.037249,0.375141
JDK5-6-7,22.600944,0.33715
JDK8-9-9,21.440272,0.295394
JDKE,23.275152,0.574122
JDKF,23.710957,0.428461
