JVM,Mean,Std Error
JDK1-1-3,9.516474,0.148679
JDK2-2-1,8.647656,0.138313
JDK2-2-2,9.408533,0.150473
JDK2-3-2,8.959729,0.165747
JDK3-2-1,7.712911,0.136132
JDK3-2-3,8.848958,0.129145
JDK5-4-4,9.110728,0.141493
JDK5-6-7,9.183383,0.139635
JDK8-9-9,8.933155,0.12809
JDKE,9.555641,0.376544
JDKF,9.120569,0.24108
