JVM,Mean,Std Error
JDK1-1-3,18.180049,0.100065
JDK2-2-1,13.190452,0.097018
JDK2-2-2,17.568981,0.105717
JDK2-3-2,20.012091,0.155695
JDK3-2-1,13.517262,0.116965
JDK3-2-3,18.731749,0.141037
JDK5-4-4,19.752362,0.181946
JDK5-6-7,18.71267,0.151591
JDK8-9-9,17.751319,0.174695
JDKE,87.93577,0.380606
JDKF,80.085903,1.078607
