JVM,Mean,Std Error
JDK1-1-3,33.626943,2.288714
JDK2-2-1,24.932642,2.208381
JDK2-2-2,43.264249,2.754224
JDK2-3-2,42.248705,2.718705
JDK3-2-1,26.746114,2.215301
JDK3-2-3,34.134715,2.359047
JDK5-4-4,37.284974,2.399746
JDK5-6-7,33.834197,2.154322
JDK8-9-9,30.756477,2.077238
JDKE,80.178571,3.758628
JDKF,79.278846,2.756996
