JVM,Mean,Std Error
JDK1-1-3,24.614173,1.361121
JDK2-2-1,22.845361,1.753086
JDK2-2-2,23.175258,1.765883
JDK2-3-2,28.309278,2.626375
JDK3-2-1,24.080808,1.955582
JDK3-2-3,23.340206,1.7757
JDK5-4-4,33.010309,3.107174
JDK5-6-7,25.649485,2.178367
JDK8-9-9,34.494845,3.685182
JDKE,57.861538,4.820623
JDKF,59.205357,3.862192
