JVM,Mean,Std Error
JDK1-1-3,33.778584,1.09179
JDK2-2-1,23.831283,1.083776
JDK2-2-2,36.281739,1.214307
JDK2-3-2,32.514886,1.035515
JDK3-2-1,22.477558,1.047977
JDK3-2-3,31.438721,1.039821
JDK5-4-4,30.994633,0.921418
JDK5-6-7,32.282098,0.927178
JDK8-9-9,31.857923,1.045294
JDKE,30.923077,1.331073
JDKF,39.5625,1.671536
