JVM,Mean,Std Error
JDK1-1-3,39.192547,3.048858
JDK2-2-1,35.900621,3.053269
JDK2-2-2,37.875776,2.925495
JDK2-3-2,26.63354,2.316423
JDK3-2-1,41.950311,3.149495
JDK3-2-3,40.248447,3.079524
JDK5-4-4,43.10559,3.237225
JDK5-6-7,44.099379,3.030887
JDK8-9-9,36.248447,2.852086
JDKE,46.987654,4.539963
JDKF,50.069444,4.230612
