JVM,Mean,Std Error
JDK1-1-3,71.324363,0.213296
JDK2-2-1,44.821775,0.273077
JDK2-2-2,72.837071,0.218756
JDK2-3-2,71.404794,0.222225
JDK3-2-1,46.115469,0.286521
JDK3-2-3,73.508046,0.230723
JDK5-4-4,75.095719,0.236232
JDK5-6-7,72.080223,0.216448
JDK8-9-9,72.985897,0.223084
JDKE,73.099313,0.291853
JDKF,91.252724,0.313921
