JVM,Mean,Std Error
JDK1-1-3,55.447038,1.470066
JDK2-2-1,42.358674,1.847529
JDK2-2-2,53.395712,1.356839
JDK2-3-2,61.594542,1.571126
JDK3-2-1,39.80117,1.657988
JDK3-2-3,64.779727,1.678041
JDK5-4-4,58.798337,1.675968
JDK5-6-7,63.334719,1.680427
JDK8-9-9,54.507795,1.508827
JDKE,90.016807,3.728077
JDKF,66.654305,2.575531
