JVM,Mean,Std Error
JDK1-1-3,27.388535,0.285756
JDK2-2-1,22.811348,0.629841
JDK2-2-2,30.797163,0.467574
JDK2-3-2,33.546099,0.658018
JDK3-2-1,23.520567,0.719283
JDK3-2-3,31.892199,0.516897
JDK5-4-4,33.388456,0.591967
JDK5-6-7,31.684867,0.545811
JDK8-9-9,31.769634,0.648686
JDKE,125.446759,2.938898
JDKF,122.004831,1.913005
