JVM,Mean,Std Error
JDK1-1-3,51.927656,0.883658
JDK2-2-1,41.876027,1.37955
JDK2-2-2,52.893551,0.950826
JDK2-3-2,55.058973,0.831269
JDK3-2-1,38.694424,1.072713
JDK3-2-3,54.192058,0.88535
JDK5-4-4,53.678979,0.816106
JDK5-6-7,52.431802,0.926097
JDK8-9-9,55.045487,0.899918
JDKE,54.45509,1.336595
JDKF,69.784647,1.329576
