JVM,Mean,Std Error
JDK1-1-3,10.473186,0.351651
JDK2-2-1,10.265655,0.35427
JDK2-2-2,10.041337,0.344896
JDK2-3-2,10.836439,0.379801
JDK3-2-1,11.158741,0.380847
JDK3-2-3,10.349206,0.355657
JDK5-4-4,10.067929,0.347797
JDK5-6-7,10.971061,0.364117
JDK8-9-9,10.193509,0.340362
JDKE,9.349448,0.502108
JDKF,9.129156,0.355303
