JVM,Mean,Std Error
JDK1-1-3,39.939403,0.66586
JDK2-2-1,44.878502,1.316763
JDK2-2-2,40.492981,0.620416
JDK2-3-2,43.244779,1.389613
JDK3-2-1,41.371231,0.820397
JDK3-2-3,41.472334,0.708788
JDK5-4-4,42.533165,1.096949
JDK5-6-7,39.725508,0.587164
JDK8-9-9,38.618954,0.617285
JDKE,34.191356,0.569617
JDKF,38.635596,0.43824
