JVM,Mean,Std Error
JDK1-1-3,8.217458,0.523275
JDK2-2-1,8.392157,0.52689
JDK2-2-2,8.444104,0.521139
JDK2-3-2,7.452915,0.578198
JDK3-2-1,8.708018,0.521549
JDK3-2-3,8.570992,0.529284
JDK5-4-4,7.737705,0.580771
JDK5-6-7,8.422188,0.527349
JDK8-9-9,8.150538,0.515782
JDKE,7.380952,0.873051
JDKF,8.061905,0.639863
