JVM,Mean,Std Error
JDKA,48.052023,2.196769
JDKB,55.162791,2.35355
JDKD,32.808696,1.472822
JDKE,60.002762,2.32996
JDKF,70.043056,1.755307
JDKG,63.283333,2.59635
JDKI,44.638968,2.475494
JDKP,47.449568,2.644076
JDKR,56.238095,2.939023
