JVM,Mean,Std Error
JDKA,70.587786,3.479479
JDKB,65.046875,2.882868
JDKD,29.23506,1.358281
JDKE,71.807087,3.267987
JDKF,68.760589,2.07203
JDKG,74.957031,3.306143
JDKI,51.165992,3.892245
JDKP,48.326923,3.71057
JDKR,62.753906,4.702294
