JVM,Mean,Std Error
JDKA,13.980623,0.54402
JDKB,12.758723,0.590005
JDKD,8.309135,0.263046
JDKE,15.14743,0.851124
JDKF,14.000892,0.539436
JDKG,16.217391,0.795828
JDKI,12.814935,0.659735
JDKP,12.724464,0.913133
JDKR,12.640572,0.619369
