JVM,Mean,Std Error
JDKA,12.644737,1.388114
JDKB,9.638358,0.469936
JDKD,7.022871,0.291692
JDKE,8.652885,0.456392
JDKF,8.97338,0.241761
JDKG,9.919492,0.542214
JDKI,10.101568,0.881621
JDKP,8.300305,0.370188
JDKR,7.708434,0.426449
