JVM,Mean,Std Error
JDKA,47.780415,1.561257
JDKB,31.458574,1.740691
JDKD,7.908046,0.449212
JDKE,95.847025,3.808085
JDKF,66.654305,2.575531
JDKG,44.770083,2.441123
JDKI,30.887955,2.349056
JDKP,36.424419,2.69069
JDKR,31.067751,2.546387
