JVM,Mean,Std Error
JDKA,3.347295,0.440493
JDKB,4.102113,0.579487
JDKD,2.573684,0.325161
JDKE,6.083045,0.952913
JDKF,5.644068,0.549371
JDKG,4.022928,0.616265
JDKI,3.507993,0.497374
JDKP,2.396853,0.254597
JDKR,3.342657,0.547966
