JVM,Mean,Std Error
JDKA,52.01084,1.62611
JDKB,96.077694,3.862689
JDKD,26.881612,1.354921
JDKE,167.48731,3.551684
JDKF,144.835459,2.301336
JDKG,65.451697,3.04374
JDKI,45.026042,2.529334
JDKP,57.072139,3.469583
JDKR,79.502646,4.054802
