JVM,Mean,Std Error
JDKA,35.024499,0.775269
JDKB,34.92973,1.632055
JDKD,6.844365,0.406408
JDKE,136.630435,3.25108
JDKF,122.004831,1.913005
JDKG,44.244856,2.03929
JDKI,23.397938,0.782177
JDKP,31.764184,1.99498
JDKR,29.91984,1.456548
