JVM,Mean,Std Error
JDKA,67.334426,2.275545
JDKB,42.83524,1.993339
JDKD,12.573394,2.337004
JDKE,126.120401,3.030558
JDKF,125.746006,2.215873
JDKG,57.904153,2.771538
JDKI,51.377419,3.533549
JDKP,37.101617,2.384752
JDKR,35.447205,2.241452
