JVM,Mean,Std Error
JDKA,42.402597,2.811986
JDKB,41.555556,2.590848
JDKD,32.413333,2.268177
JDKE,45.919255,2.601436
JDKF,64.690625,2.719906
JDKG,49.975155,2.857579
JDKI,37.309677,2.336422
JDKP,40.901316,2.763994
JDKR,36.319018,2.438328
