JVM,Mean,Std Error
JDKA,33.711679,1.443536
JDKB,35.792982,1.597119
JDKD,27.003571,1.074402
JDKE,33.634752,1.502038
JDKF,39.5625,1.671536
JDKG,37.801394,1.844222
JDKI,28.784173,1.333146
JDKP,30.18705,1.617135
JDKR,28.592199,1.439623
