JVM,Mean,Std Error
JDKA,25.338462,1.926695
JDKB,16.307692,3.904504
JDKD,6.8,0.90437
JDKE,65.369231,6.048147
JDKF,48.857143,3.280408
JDKG,36.661538,5.214868
JDKI,15.753846,2.391092
JDKP,9.307692,0.994679
JDKR,24.276923,4.310458
