JVM,Mean,Std Error
JDKA,40.382716,4.306669
JDKB,48.555556,5.054518
JDKD,24.938272,3.012799
JDKE,44.864198,4.620297
JDKF,50.069444,4.230612
JDKG,36.876543,4.044482
JDKI,39.54321,4.293803
JDKP,36.395062,4.341114
JDKR,35.012346,4.189953
