JVM,Mean,Std Error
JDKA,6.251515,0.538455
JDKB,5.555224,0.478034
JDKD,5.669617,0.508133
JDKE,7.417647,1.067465
JDKF,8.061905,0.639863
JDKG,5.275449,0.659375
JDKI,5.576923,0.479877
JDKP,5.430678,0.462701
JDKR,5.079412,0.641235
