JVM,Mean,Std Error
JDKA,54.051836,1.448347
JDKB,67.712389,3.048462
JDKD,11.673333,0.849889
JDKE,149.13544,4.139379
JDKF,96.276596,3.202254
JDKG,62.247768,2.396376
JDKI,35.901566,2.600469
JDKP,37.936264,2.931092
JDKR,64.865741,3.521592
