JVM,Mean,Std Error
JDKA,8.870857,0.437121
JDKB,8.340659,0.330089
JDKD,6.888752,0.263982
JDKE,8.554545,0.45961
JDKF,9.129156,0.355303
JDKG,9.181457,0.433779
JDKI,8.566792,0.42946
JDKP,8.554003,0.327005
JDKR,7.673966,0.326842
