JVM,Mean,Std Error
JDKA,42.259615,3.56938
JDKB,22.165217,3.0688
JDKD,13.394737,1.72192
JDKE,84.716814,4.979802
JDKF,50.342593,3.30815
JDKG,33.429825,3.318075
JDKI,27.018868,3.476296
JDKP,28.646552,4.380228
JDKR,22.787611,3.080629
