JVM,Mean,Std Error
JDKA,41.207921,3.574755
JDKB,32.495575,3.201491
JDKD,19.473214,1.891565
JDKE,85.283186,4.667846
JDKF,79.278846,2.756996
JDKG,34.185841,3.334718
JDKI,33.067308,3.968186
JDKP,22.725664,3.181117
JDKR,29.769912,3.421159
