JVM,Mean,Std Error
JDKA,31.289855,0.4686
JDKB,15.141653,0.481087
JDKD,8.718696,0.413694
JDKE,119.796646,3.595059
JDKF,55.654964,2.172502
JDKG,34.446655,1.54358
JDKI,23.587719,1.169395
JDKP,20.449477,1.606615
JDKR,27.439338,1.691669
