JVM,Mean,Std Error
JDKA,24.523077,1.84835
JDKB,17.061538,2.504407
JDKD,16.323077,2.32287
JDKE,64.584615,5.297945
JDKF,59.205357,3.862192
JDKG,33.861538,4.942354
JDKI,23.630769,2.79436
JDKP,16.015385,2.308481
JDKR,35.184615,5.183688
