JVM,Mean,Std Error
JDK0.5-0.5-1,38.961207,1.396434
JDK0.5-1-0.5,36.408955,1.40668
JDK0.5-1-1,39.085025,1.293997
JDK0.5-1-1.5,40.067039,1.462708
JDK1-1-0.5,35.384969,1.36595
JDK1-1-1,39.597615,1.539663
JDK1.5-1-0.5,36.556548,1.378275
JDK1.5-1-1,38.868852,1.430274
JDK1.5-1-1.5,42.398701,1.56973
JDKE,56.28292,1.190104
JDKF,69.784647,1.329576
