JVM,Mean,Std Error
JDK0.5-0.5-1,42.982405,0.395576
JDK0.5-1-0.5,48.596591,0.576926
JDK0.5-1-1,44.416549,0.671166
JDK0.5-1-1.5,44.707615,0.438477
JDK1-1-0.5,46.465064,0.66078
JDK1-1-1,46.022376,0.529428
JDK1.5-1-0.5,50.336432,0.543313
JDK1.5-1-1,41.843549,0.56142
JDK1.5-1-1.5,42.045536,0.659862
JDKE,25.491143,0.79642
JDKF,24.109623,0.546807
