JVM,Mean,Std Error
JDK0.5-0.5-1,52.754098,0.63714
JDK0.5-1-0.5,53.63209,0.752473
JDK0.5-1-1,53.901602,0.627379
JDK0.5-1-1.5,50.251317,0.592757
JDK1-1-0.5,52.622925,0.721681
JDK1-1-1,51.934491,0.568452
JDK1.5-1-0.5,49.941448,0.600601
JDK1.5-1-1,50.222492,0.576279
JDK1.5-1-1.5,52.577982,0.614461
JDKE,59.189189,0.566954
JDKF,56.378944,0.465663
