JVM,Mean,Std Error
JDK0.5-0.5-1,92.215385,11.070675
JDK0.5-1-0.5,82.4,10.593263
JDK0.5-1-1,91.0,10.730237
JDK0.5-1-1.5,75.492308,9.801936
JDK1-1-0.5,82.2,9.729421
JDK1-1-1,79.415385,9.440627
JDK1.5-1-0.5,81.646154,9.423743
JDK1.5-1-1,90.738462,10.995984
JDK1.5-1-1.5,102.476923,11.69669
JDKE,192.708631,1.486285
JDKF,164.292711,0.993086
