JVM,Mean,Std Error
JDK0.5-0.5-1,70.56917,4.101193
JDK0.5-1-0.5,48.704981,3.34439
JDK0.5-1-1,56.169355,3.461982
JDK0.5-1-1.5,53.752988,3.532665
JDK1-1-0.5,50.363636,3.479202
JDK1-1-1,48.438735,3.219407
JDK1.5-1-0.5,58.856557,3.809671
JDK1.5-1-1,58.256,3.916575
JDK1.5-1-1.5,68.827309,4.518376
JDKE,59.580153,2.716052
JDKF,68.760589,2.07203
