JVM,Mean,Std Error
JDK0.5-0.5-1,62.54921,1.209277
JDK0.5-1-0.5,67.496999,1.277196
JDK0.5-1-1,73.222222,1.378593
JDK0.5-1-1.5,64.109613,1.17007
JDK1-1-0.5,72.335145,1.36959
JDK1-1-1,75.686576,1.418872
JDK1.5-1-0.5,75.995828,1.485933
JDK1.5-1-1,70.899077,1.314549
JDK1.5-1-1.5,73.613497,1.351753
JDKE,61.70648,0.976847
JDKF,73.118307,0.815263
