JVM,Mean,Std Error
JDK0.5-0.5-1,72.205479,3.08618
JDK0.5-1-0.5,67.162791,2.869921
JDK0.5-1-1,55.008065,2.711971
JDK0.5-1-1.5,55.16763,2.561641
JDK1-1-0.5,51.216138,2.507451
JDK1-1-1,63.597183,2.735799
JDK1.5-1-0.5,53.025641,2.575892
JDK1.5-1-1,66.268493,2.965119
JDK1.5-1-1.5,50.403315,2.549399
JDKE,59.61708,2.23667
JDKF,70.043056,1.755307
