JVM,Mean,Std Error
JDK0.5-0.5-1,67.513898,0.32961
JDK0.5-1-0.5,72.621354,0.655052
JDK0.5-1-1,69.394519,0.340755
JDK0.5-1-1.5,71.550813,0.583139
JDK1-1-1,70.601167,0.551509
JDK1.5-1-0.5,72.254937,0.566979
JDK1.5-1-1,76.770563,0.627308
JDK1.5-1-1.5,72.968195,0.661468
JDKE,23.891702,0.58808
JDKF,23.710957,0.428461
jdk1-1-0.5,73.8185,0.629193
