JVM,Mean,Std Error
JDK0.5-0.5-1,66.309059,1.559054
JDK0.5-1-0.5,62.297138,1.466086
JDK0.5-1-1,72.129477,1.615281
JDK0.5-1-1.5,72.390893,1.49495
JDK1-1-0.5,77.49481,1.689261
JDK1-1-1,67.261404,1.524833
JDK1.5-1-0.5,70.397766,1.549205
JDK1.5-1-1,73.841235,1.776779
JDK1.5-1-1.5,68.213768,1.491629
JDKE,77.388843,1.285544
JDKF,82.86766,0.955617
