JVM,Mean,Std Error
JDK0.5-0.5-1,50.306122,6.673776
JDK0.5-1-0.5,43.612245,6.355793
JDK0.5-1-1,44.673469,6.433886
JDK0.5-1-1.5,47.040816,6.927157
JDK1-1-0.5,42.44898,6.13753
JDK1-1-1,44.367347,6.534556
JDK1.5-1-0.5,44.326531,6.433159
JDK1.5-1-1,48.346939,6.546248
JDK1.5-1-1.5,44.591837,6.146726
JDKE,188.617886,3.261991
JDKF,182.971899,2.59224
