JVM,Mean,Std Error
JDK0.5-0.5-1,143.4,6.697368
JDK0.5-1-0.5,146.503448,7.305899
JDK0.5-1-1,150.8,6.952057
JDK0.5-1-1.5,157.993103,7.55065
JDK1-1-0.5,142.703448,6.673266
JDK1-1-1,147.965517,7.138902
JDK1.5-1-0.5,146.468966,6.943222
JDK1.5-1-1,160.793103,7.24767
JDK1.5-1-1.5,150.813793,6.866202
JDKE,216.509856,0.672153
JDKF,192.37747,0.383913
