JVM,Mean,Std Error
JDK0.5-0.5-1,55.793474,0.482279
JDK0.5-1-0.5,52.131978,0.520314
JDK0.5-1-1,56.62069,0.496273
JDK0.5-1-1.5,53.30834,0.487373
JDK1-1-0.5,52.149116,0.504547
JDK1-1-1,51.682616,0.45435
JDK1.5-1-0.5,54.446154,0.588138
JDK1.5-1-1,54.820188,0.534352
JDK1.5-1-1.5,54.098994,0.539425
JDKE,64.238243,0.698179
JDKF,59.596751,0.348869
