JVM,Mean,Std Error
JDK0.5-0.5-1,106.877551,7.423915
JDK0.5-1-0.5,110.769231,7.381795
JDK0.5-1-1,107.183673,7.647454
JDK0.5-1-1.5,109.320388,7.422693
JDK1-1-0.5,113.752381,7.620158
JDK1-1-1,115.588785,7.467557
JDK1.5-1-0.5,110.533981,7.349503
JDK1.5-1-1,108.540816,7.742886
JDK1.5-1-1.5,100.255102,7.161718
JDKE,217.115253,0.53821
JDKF,211.415247,0.38342
