JVM,Mean,Std Error
JDK0.5-0.5-1,49.857143,7.308612
JDK0.5-1-0.5,45.408163,6.53418
JDK0.5-1-1,51.306122,7.4777
JDK0.5-1-1.5,47.959184,7.013772
JDK1-1-0.5,45.77551,6.673207
JDK1-1-1,45.428571,6.48756
JDK1.5-1-0.5,45.387755,6.482106
JDK1.5-1-1,53.632653,7.792302
JDK1.5-1-1.5,55.714286,8.081536
JDKE,214.244383,0.786002
JDKF,197.866245,0.597471
