JVM,Mean,Std Error
JDK0.5-0.5-1,20.523589,0.269686
JDK0.5-1-0.5,22.600994,0.283731
JDK0.5-1-1,17.278448,0.201676
JDK0.5-1-1.5,16.454904,0.192857
JDK1-1-0.5,19.845826,0.237602
JDK1-1-1,19.370751,0.259673
JDK1.5-1-0.5,19.466006,0.346408
JDK1.5-1-1,15.23788,0.185037
JDK1.5-1-1.5,13.518257,0.187793
JDKE,10.827999,0.414729
JDKF,9.120569,0.24108
