JVM,Mean,Std Error
JDK0.5-0.5-1,117.318584,6.683485
JDK0.5-1-0.5,105.557522,6.343391
JDK0.5-1-1,112.690265,6.583103
JDK0.5-1-1.5,109.610619,6.562912
JDK1-1-0.5,104.725664,6.41309
JDK1-1-1,108.743363,6.628433
JDK1.5-1-0.5,101.371681,6.119829
JDK1.5-1-1,116.053097,6.693533
JDK1.5-1-1.5,110.911504,6.384879
JDKE,201.46131,0.199846
JDKF,196.820645,0.141595
