JVM,Mean,Std Error
JDK0.5-0.5-1,8.044248,0.864118
JDK0.5-1-0.5,8.483582,0.75722
JDK0.5-1-1,7.485119,0.878573
JDK0.5-1-1.5,8.015106,0.746335
JDK1-1-0.5,8.675841,0.745547
JDK1-1-1,8.529052,0.764137
JDK1.5-1-0.5,8.653731,0.739848
JDK1.5-1-1,7.238235,0.749838
JDK1.5-1-1.5,8.23565,0.932372
JDKE,7.733333,1.159686
JDKF,8.061905,0.639863
