JVM,Mean,Std Error
JDK0.5-0.5-1,20.30303,4.822902
JDK0.5-1-0.5,14.606061,2.669248
JDK0.5-1-1,23.333333,5.689182
JDK0.5-1-1.5,14.363636,2.626647
JDK1-1-0.5,14.30303,2.613516
JDK1-1-1,14.30303,2.613153
JDK1.5-1-0.5,14.333333,2.622624
JDK1.5-1-1,24.878788,5.76427
JDK1.5-1-1.5,20.0,4.699694
JDKE,63.292308,5.289218
JDKF,59.205357,3.862192
