JVM,Mean,Std Error
JDK0.5-0.5-1,34.888714,0.152625
JDK0.5-1-0.5,30.906488,0.230968
JDK0.5-1-1,33.209066,0.147975
JDK0.5-1-1.5,34.822192,0.225417
JDK1-1-0.5,32.4526,0.230634
JDK1-1-1,33.276329,0.224893
JDK1.5-1-0.5,32.394013,0.299824
JDK1.5-1-1,31.803513,0.443087
JDK1.5-1-1.5,37.936206,0.503237
JDKE,14.478455,0.197189
JDKF,14.744039,0.093248
