JVM,Mean,Std Error
JDK0.5-0.5-1,50.630907,1.892751
JDK0.5-1-0.5,47.022065,1.391119
JDK0.5-1-1,106.033271,3.83192
JDK0.5-1-1.5,115.031039,4.274091
JDK1-1-0.5,53.426969,2.17273
JDK1-1-1,69.711606,2.968337
JDK1.5-1-0.5,54.679399,2.130131
JDK1.5-1-1,71.866202,3.082227
JDK1.5-1-1.5,63.231114,2.865545
JDKE,35.115328,0.686882
JDKF,38.635596,0.43824
