JVM,Mean,Std Error
JDK0.5-0.5-1,28.407563,2.011761
JDK0.5-1-0.5,32.456067,2.581873
JDK0.5-1-1,28.327801,2.151036
JDK0.5-1-1.5,29.156118,2.288978
JDK1-1-0.5,29.401674,2.261567
JDK1-1-1,25.44898,1.622487
JDK1.5-1-0.5,32.295652,2.372465
JDK1.5-1-1,28.918699,2.291682
JDK1.5-1-1.5,31.792208,2.500518
JDKE,40.721311,1.854417
JDKF,56.511719,1.910839
