JVM,Mean,Std Error
JDK0.5-0.5-1,59.204082,9.081873
JDK0.5-1-0.5,57.204082,8.974121
JDK0.5-1-1,56.44898,8.778262
JDK0.5-1-1.5,56.530612,8.804959
JDK1-1-0.5,57.367347,9.017542
JDK1-1-1,53.836735,8.332041
JDK1.5-1-0.5,56.285714,8.80954
JDK1.5-1-1,57.714286,9.10315
JDK1.5-1-1.5,55.979592,8.703374
JDKE,219.759818,0.810702
JDKF,206.220895,0.640445
