JVM,Mean,Std Error
JDK0.5-0.5-1,18.242424,4.096615
JDK0.5-1-0.5,15.393939,2.817
JDK0.5-1-1,18.424242,4.0862
JDK0.5-1-1.5,15.060606,2.748946
JDK1-1-0.5,15.121212,2.765369
JDK1-1-1,15.363636,2.819312
JDK1.5-1-0.5,17.515152,3.765654
JDK1.5-1-1,16.969697,3.514172
JDK1.5-1-1.5,19.060606,4.20361
JDKE,99.010929,3.369898
JDKF,103.7325,2.35914
