JVM,Mean,Std Error
JDK0.5-0.5-1,33.617284,4.195514
JDK0.5-1-0.5,24.024691,3.295525
JDK0.5-1-1,24.407407,3.442776
JDK0.5-1-1.5,33.37037,4.354664
JDK1-1-0.5,28.185185,4.005325
JDK1-1-1,28.0,3.640309
JDK1.5-1-0.5,37.481481,4.498563
JDK1.5-1-1,23.777778,3.25837
JDK1.5-1-1.5,30.308642,3.733757
JDKE,41.975309,4.139503
JDKF,50.069444,4.230612
