JVM,Mean,Std Error
JDK0.5-0.5-1,144.144828,6.839155
JDK0.5-1-0.5,144.158621,7.003179
JDK0.5-1-1,148.482759,6.910346
JDK0.5-1-1.5,154.186207,7.722448
JDK1-1-0.5,146.434483,7.133597
JDK1-1-1,149.77931,7.668568
JDK1.5-1-0.5,143.882759,6.734579
JDK1.5-1-1,142.862069,6.902874
JDK1.5-1-1.5,147.958621,7.159873
JDKE,80.067005,0.623933
JDKF,79.935285,0.405181
