JVM,Mean,Std Error
JDK0.5-0.5-1,16.939394,3.484256
JDK0.5-1-0.5,15.090909,2.757003
JDK0.5-1-1,20.212121,4.687539
JDK0.5-1-1.5,19.060606,4.213286
JDK1-1-0.5,14.818182,2.706773
JDK1-1-1,15.121212,2.77221
JDK1.5-1-0.5,16.090909,2.960396
JDK1.5-1-1,20.424242,4.760163
JDK1.5-1-1.5,20.727273,4.783628
JDKE,82.946903,4.340167
JDKF,50.342593,3.30815
