JVM,Mean,Std Error
JDK0.5-0.5-1,18.757576,4.278875
JDK0.5-1-0.5,15.30303,2.832604
JDK0.5-1-1,24.272727,5.503317
JDK0.5-1-1.5,14.69697,2.692401
JDK1-1-0.5,14.363636,2.636723
JDK1-1-1,14.242424,2.60573
JDK1.5-1-0.5,15.69697,3.107751
JDK1.5-1-1,19.666667,4.605799
JDK1.5-1-1.5,22.060606,5.166533
JDKE,57.215385,4.995262
JDKF,48.857143,3.280408
