JVM,Mean,Std Error
JDK0.5-0.5-1,108.494949,7.418622
JDK0.5-1-0.5,107.872549,7.06087
JDK0.5-1-1,105.555556,7.375312
JDK0.5-1-1.5,110.688679,7.086494
JDK1-1-0.5,112.084112,7.142405
JDK1-1-1,113.759615,7.368026
JDK1.5-1-0.5,105.372549,7.046328
JDK1.5-1-1,105.752577,7.359013
JDK1.5-1-1.5,105.257732,7.318703
JDKE,139.091466,0.59671
JDKF,129.228937,0.418162
