JVM,Mean,Std Error
JDK0.5-0.5-1,3.413194,0.50425
JDK0.5-1-0.5,4.104056,0.516608
JDK0.5-1-1,3.019097,0.456643
JDK0.5-1-1.5,3.268166,0.393799
JDK1-1-0.5,3.707612,0.479899
JDK1-1-1,3.954466,0.487648
JDK1.5-1-0.5,3.478336,0.37338
JDK1.5-1-1,3.06087,0.442873
JDK1.5-1-1.5,3.424084,0.472314
JDKE,5.092784,0.788836
JDKF,5.644068,0.549371
