JVM,Mean,Std Error
JDK0.5-0.5-1,15.606061,2.848092
JDK0.5-1-0.5,15.454545,2.824437
JDK0.5-1-1,17.090909,3.594599
JDK0.5-1-1.5,15.272727,2.789073
JDK1-1-0.5,15.0,2.734807
JDK1-1-1,14.969697,2.735321
JDK1.5-1-0.5,15.363636,2.804156
JDK1.5-1-1,17.090909,3.756904
JDK1.5-1-1.5,16.30303,3.089107
JDKE,136.542857,3.389449
JDKF,125.746006,2.215873
