JVM,Mean,Std Error
JDK0.5-0.5-1,10.672856,0.732434
JDK0.5-1-0.5,11.87373,1.177313
JDK0.5-1-1,12.842447,1.084751
JDK0.5-1-1.5,11.948301,1.30538
JDK1-1-0.5,14.587189,1.4776
JDK1-1-1,11.91344,1.119935
JDK1.5-1-0.5,12.066876,1.045426
JDK1.5-1-1,12.068778,1.052942
JDK1.5-1-1.5,11.604167,1.154702
JDKE,8.655261,0.47289
JDKF,8.97338,0.241761
