JVM,Mean,Std Error
JDK0.5-0.5-1,47.142857,7.413102
JDK0.5-1-0.5,54.244898,9.418534
JDK0.5-1-1,52.632653,8.308553
JDK0.5-1-1.5,52.244898,8.703767
JDK1-1-0.5,50.346939,8.460922
JDK1-1-1,48.77551,8.169457
JDK1.5-1-0.5,51.428571,8.232485
JDK1.5-1-1,55.387755,8.273997
JDK1.5-1-1.5,51.979592,7.871172
JDKE,102.443709,3.438257
JDKF,55.654964,2.172502
