JVM,Mean,Std Error
JDK0.5-0.5-1,26.242997,0.502073
JDK0.5-1-0.5,21.761137,0.392169
JDK0.5-1-1,26.160398,0.43823
JDK0.5-1-1.5,26.510791,0.508072
JDK1-1-0.5,25.250638,0.458468
JDK1-1-1,26.396987,0.60229
JDK1.5-1-0.5,23.972811,0.401613
JDK1.5-1-1,23.446669,0.434282
JDK1.5-1-1.5,21.468478,0.452916
JDKE,14.954862,0.457296
JDKF,15.718327,0.22244
