JVM,Mean,Std Error
JDK0.5-0.5-1,88.153846,10.021377
JDK0.5-1-0.5,79.569231,9.954487
JDK0.5-1-1,90.476923,10.358783
JDK0.5-1-1.5,81.261538,10.174328
JDK1-1-0.5,86.492308,10.208973
JDK1-1-1,86.692308,10.232934
JDK1.5-1-0.5,76.0,9.423324
JDK1.5-1-1,86.692308,10.360751
JDK1.5-1-1.5,88.553846,10.006393
JDKE,122.94334,1.781192
JDKF,80.085903,1.078607
