JVM,Mean,Std Error
JDK0.5-0.5-1,1.927145,0.270877
JDK0.5-1-0.5,2.14123,0.229415
JDK0.5-1-1,2.02381,0.281687
JDK0.5-1-1.5,2.430058,0.299517
JDK1-1-0.5,2.522648,0.322882
JDK1-1-1,2.321596,0.280826
JDK1.5-1-0.5,2.389714,0.298332
JDK1.5-1-1,2.118267,0.274528
JDK1.5-1-1.5,1.829296,0.224266
JDKE,4.124122,0.619643
JDKF,3.72049,0.367142
