JVM,Mean,Std Error
JDK0.5-0.5-1,48.918367,7.245737
JDK0.5-1-0.5,47.183673,6.82013
JDK0.5-1-1,49.204082,7.395702
JDK0.5-1-1.5,48.530612,7.08705
JDK1-1-0.5,45.489796,6.678611
JDK1-1-1,46.714286,6.755132
JDK1.5-1-0.5,46.306122,6.765396
JDK1.5-1-1,52.122449,7.55443
JDK1.5-1-1.5,52.244898,7.538367
JDKE,142.391011,3.941595
JDKF,96.276596,3.202254
