JVM,Mean,Std Error
JDK0.5-0.5-1,51.122449,7.086182
JDK0.5-1-0.5,46.265306,6.678971
JDK0.5-1-1,50.591837,7.370476
JDK0.5-1-1.5,45.387755,6.55814
JDK1-1-0.5,46.367347,6.774219
JDK1-1-1,46.142857,6.747322
JDK1.5-1-0.5,47.0,6.766828
JDK1.5-1-1,50.571429,7.477119
JDK1.5-1-1.5,51.918367,7.549487
JDKE,154.893401,3.700739
JDKF,144.835459,2.301336
