JVM,Mean,Std Error
JDK0.5-0.5-1,36.870146,0.326059
JDK0.5-1-0.5,36.110153,0.304019
JDK0.5-1-1,38.960794,0.340511
JDK0.5-1-1.5,36.538396,0.315609
JDK1-1-0.5,37.228648,0.326868
JDK1-1-1,37.565184,0.33164
JDK1.5-1-0.5,35.403054,0.292157
JDK1.5-1-1,40.780738,0.360791
JDK1.5-1-1.5,39.211895,0.345812
JDKE,74.545679,0.305705
JDKF,91.252724,0.313921
