JVM,Mean,Std Error
JDK0.5-0.5-1,16.060606,2.935525
JDK0.5-1-0.5,15.606061,2.851415
JDK0.5-1-1,14.969697,2.745687
JDK0.5-1-1.5,15.515152,2.834822
JDK1-1-0.5,15.939394,2.916431
JDK1-1-1,17.030303,3.582492
JDK1.5-1-0.5,15.939394,2.913182
JDK1.5-1-1,15.909091,2.908765
JDK1.5-1-1.5,16.090909,2.952709
JDKE,113.994792,3.936636
JDKF,66.654305,2.575531
