JVM,Mean,Std Error
JDK0.5-0.5-1,26.966047,0.163627
JDK0.5-1-0.5,24.515953,0.465732
JDK0.5-1-1,27.094115,0.21431
JDK0.5-1-1.5,27.863861,0.347303
JDK1-1-0.5,30.492432,0.475158
JDK1-1-1,27.367533,0.43361
JDK1.5-1-0.5,24.326358,0.505663
JDK1.5-1-1,29.702536,0.39224
JDK1.5-1-1.5,29.057213,0.371509
JDKE,5.95565,0.10645
JDKF,4.86656,0.065682
