JVM,Mean,Std Error
JDK0.5-0.5-1,4.862237,0.554333
JDK0.5-1-0.5,4.202409,0.575676
JDK0.5-1-1,4.67608,0.489446
JDK0.5-1-1.5,3.197473,0.434234
JDK1-1-0.5,7.246488,2.620166
JDK1-1-1,3.254856,0.571661
JDK1.5-1-0.5,3.383748,0.385729
JDK1.5-1-1,3.4699,0.381458
JDK1.5-1-1.5,2.088787,0.206298
JDKE,3.544417,0.339871
JDKF,4.973364,0.301268
