JVM,Mean,Std Error
JDK0.5-0.5-1,105.161176,0.796441
JDK0.5-1-0.5,101.899664,0.774357
JDK0.5-1-1,109.30452,0.844842
JDK0.5-1-1.5,103.22473,0.756794
JDK1-1-0.5,114.669561,0.840151
JDK1-1-1,121.366155,0.887879
JDK1.5-1-0.5,107.965066,0.797077
JDK1.5-1-1,114.777764,0.848111
JDK1.5-1-1.5,109.286315,0.859651
JDKE,96.197042,0.61205
JDKF,91.274631,0.410496
