JVM,Mean,Std Error
JDK0.5-0.5-1,9.650617,0.474415
JDK0.5-1-0.5,10.902133,0.500809
JDK0.5-1-1,10.438621,0.533279
JDK0.5-1-1.5,10.090134,0.496656
JDK1-1-0.5,10.451234,0.479082
JDK1-1-1,10.435748,0.477828
JDK1.5-1-0.5,10.635236,0.497589
JDK1.5-1-1,10.646294,0.515651
JDK1.5-1-1.5,9.68982,0.471321
JDKE,8.820446,0.451179
JDKF,9.129156,0.355303
