JVM,Mean,Std Error
JDK0.5-0.5-1,21.030303,4.717088
JDK0.5-1-0.5,14.818182,2.713412
JDK0.5-1-1,18.484848,4.044291
JDK0.5-1-1.5,14.818182,2.702922
JDK1-1-0.5,16.606061,3.352955
JDK1-1-1,15.969697,3.042777
JDK1.5-1-0.5,17.090909,3.604071
JDK1.5-1-1,22.575758,5.125514
JDK1.5-1-1.5,18.030303,3.973512
JDKE,219.809891,1.45611
JDKF,204.563725,1.087807
