JVM,Mean,Std Error
JDK0.5-0.5-1,60.888483,2.133608
JDK0.5-1-0.5,58.378119,2.204622
JDK0.5-1-1,59.371963,2.083166
JDK0.5-1-1.5,61.324903,2.217144
JDK1-1-0.5,63.021318,2.234429
JDK1-1-1,59.59619,2.033661
JDK1.5-1-0.5,60.925926,2.214439
JDK1.5-1-1,59.012915,2.12077
JDK1.5-1-1.5,59.537736,2.04588
JDKE,66.476786,1.930333
JDKF,78.99499,1.69341
