JVM,Mean,Std Error
JDK0.5-0.5-1,58.22449,8.926774
JDK0.5-1-0.5,55.795918,9.033431
JDK0.5-1-1,56.918367,8.595296
JDK0.5-1-1.5,52.734694,8.682895
JDK1-1-0.5,46.020408,7.333439
JDK1-1-1,44.857143,6.836153
JDK1.5-1-0.5,51.918367,8.498441
JDK1.5-1-1,58.979592,8.792124
JDK1.5-1-1.5,51.571429,7.754689
JDKE,156.798701,3.329065
JDKF,122.004831,1.913005
