JVM,Mean,Std Error
JDK0.5-0.5-1,51.163265,7.438886
JDK0.5-1-0.5,46.755102,6.791822
JDK0.5-1-1,50.877551,7.68605
JDK0.5-1-1.5,45.326531,6.531021
JDK1-1-0.5,47.367347,7.134799
JDK1-1-1,45.571429,6.620482
JDK1.5-1-0.5,46.22449,6.617673
JDK1.5-1-1,50.102041,6.881112
JDK1.5-1-1.5,51.693878,7.378967
JDKE,130.024708,1.461251
JDKF,109.1358,1.03586
