JVM,Mean,Std Error
JDK0.5-0.5-1,50.163265,6.920734
JDK0.5-1-0.5,43.142857,6.497579
JDK0.5-1-1,39.285714,5.655351
JDK0.5-1-1.5,34.387755,5.320815
JDK1-1-0.5,39.897959,5.881645
JDK1-1-1,39.755102,5.941361
JDK1.5-1-0.5,35.938776,5.346848
JDK1.5-1-1,45.877551,6.550928
JDK1.5-1-1.5,52.0,7.348874
JDKE,119.263879,1.665917
JDKF,112.266446,1.254634
