JVM,Mean,Std Error
JDK0.5-0.5-1,27.138298,1.329622
JDK0.5-1-0.5,27.140794,1.045413
JDK0.5-1-1,24.895833,1.041222
JDK0.5-1-1.5,30.147887,1.338643
JDK1-1-0.5,24.664286,0.918814
JDK1-1-1,25.989437,1.15749
JDK1.5-1-0.5,28.064748,1.226863
JDK1.5-1-1,25.963899,1.165343
JDK1.5-1-1.5,26.285714,0.994153
JDKE,30.895683,1.458968
JDKF,39.5625,1.671536
