JVM,Mean,Std Error
JDK0.5-0.5-1,19.69697,4.418986
JDK0.5-1-0.5,14.636364,2.673459
JDK0.5-1-1,18.787879,4.272835
JDK0.5-1-1.5,14.848485,2.713644
JDK1-1-0.5,15.333333,2.809503
JDK1-1-1,15.848485,2.91194
JDK1.5-1-0.5,14.848485,2.717829
JDK1.5-1-1,18.393939,4.195493
JDK1.5-1-1.5,19.030303,4.246096
JDKE,120.01175,2.084478
JDKF,116.756197,1.502601
