JVM,Mean,Std Error
JDK0.5-0.5-1,54.877551,8.363939
JDK0.5-1-0.5,55.306122,8.537393
JDK0.5-1-1,57.918367,8.961123
JDK0.5-1-1.5,56.816327,8.901849
JDK1-1-0.5,54.44898,8.458435
JDK1-1-1,56.591837,8.984346
JDK1.5-1-0.5,55.938776,8.764415
JDK1.5-1-1,59.469388,9.065057
JDK1.5-1-1.5,55.040816,8.668888
JDKE,138.534708,1.002064
JDKF,119.195045,0.661985
