JVM,Mean,Std Error
JDK0.5-0.5-1,28.99375,2.868604
JDK0.5-1-0.5,21.954839,2.467711
JDK0.5-1-1,25.757764,2.822021
JDK0.5-1-1.5,21.443709,2.414208
JDK1-1-0.5,22.522581,2.533567
JDK1-1-1,24.324675,2.373654
JDK1.5-1-0.5,26.993506,2.887699
JDK1.5-1-1,25.932515,2.730381
JDK1.5-1-1.5,24.09375,2.515983
JDKE,40.53125,2.649981
JDKF,64.690625,2.719906
