JVM,Mean,Std Error
JDK0.5-0.5-1,21.69697,4.96474
JDK0.5-1-0.5,14.818182,2.705723
JDK0.5-1-1,22.151515,4.942112
JDK0.5-1-1.5,15.060606,2.753077
JDK1-1-0.5,15.0,2.742068
JDK1-1-1,14.939394,2.728198
JDK1.5-1-0.5,15.606061,2.856061
JDK1.5-1-1,15.848485,2.952311
JDK1.5-1-1.5,16.727273,3.529441
JDKE,80.309735,3.788771
JDKF,79.278846,2.756996
