JVM,Mean,Std Error
JDK0.5-0.5-1,33.269475,0.829055
JDK0.5-1-0.5,31.610445,0.65222
JDK0.5-1-1,32.470694,0.611011
JDK0.5-1-1.5,32.665571,0.790895
JDK1-1-0.5,30.850258,0.613381
JDK1-1-1,31.452166,0.556967
JDK1.5-1-0.5,32.66721,0.807631
JDK1.5-1-1,30.244821,0.573275
JDK1.5-1-1.5,31.6713,0.728715
JDKE,38.925569,0.786031
JDKF,33.184072,0.630485
