JVM,Mean,Std Error
JDK0.5-0.5-1,42.673469,6.368929
JDK0.5-1-0.5,35.081633,5.214191
JDK0.5-1-1,47.897959,6.603715
JDK0.5-1-1.5,40.979592,6.042261
JDK1-1-0.5,37.081633,5.577823
JDK1-1-1,38.979592,5.659972
JDK1.5-1-0.5,39.714286,5.862802
JDK1.5-1-1,49.714286,7.445151
JDK1.5-1-1.5,47.77551,6.870725
JDKE,159.80143,2.228494
JDKF,152.726848,1.583593
