JVM,Mean,Std Error
JDK0.5-0.5-1,50.387755,6.54672
JDK0.5-1-0.5,45.693878,6.765836
JDK0.5-1-1,45.530612,6.556537
JDK0.5-1-1.5,46.44898,6.842498
JDK1-1-0.5,44.020408,6.446172
JDK1-1-1,42.632653,6.343263
JDK1.5-1-0.5,44.040816,6.497773
JDK1.5-1-1,47.673469,6.592512
JDK1.5-1-1.5,45.204082,6.504968
JDKE,121.395946,2.668561
JDKF,109.643172,2.173512
