JVM,Mean,Std Error
JDK0.5-0.5-1,17.0,3.590549
JDK0.5-1-0.5,15.575758,2.860067
JDK0.5-1-1,20.787879,4.758517
JDK0.5-1-1.5,14.575758,2.665375
JDK1-1-0.5,15.090909,2.760093
JDK1-1-1,15.69697,2.87376
JDK1.5-1-0.5,15.787879,2.902375
JDK1.5-1-1,16.666667,3.501533
JDK1.5-1-1.5,17.333333,3.556808
JDKE,92.100478,3.217241
JDKF,55.465517,2.837927
