JVM,Mean,Std Error
JDK0.5-0.5-1,105.530973,6.337498
JDK0.5-1-0.5,106.238938,6.488908
JDK0.5-1-1,109.115044,6.33727
JDK0.5-1-1.5,108.973451,6.340171
JDK1-1-0.5,105.477876,6.371048
JDK1-1-1,107.716814,6.628274
JDK1.5-1-0.5,106.495575,6.371941
JDK1.5-1-1,113.035398,6.460163
JDK1.5-1-1.5,110.026549,6.346162
JDKE,123.788941,0.449016
JDKF,102.988268,0.318962
