JVM,Mean,Std Error
JDK0.5-0.5-1,90.075614,3.682809
JDK0.5-1-0.5,86.767665,3.758985
JDK0.5-1-1,238.76001,5.664443
JDK0.5-1-1.5,235.402595,5.820009
JDK1-1-0.5,78.873079,3.910869
JDK1-1-1,286.508419,4.729756
JDK1.5-1-0.5,66.33415,3.238499
JDK1.5-1-1,157.988601,7.13402
JDK1.5-1-1.5,145.319253,5.723208
JDKE,34.450081,1.331703
JDKF,35.176926,0.764499
