JVM,Mean,Std Error
JDK0.5-0.5-1,14.566275,0.568791
JDK0.5-1-0.5,14.674189,0.50529
JDK0.5-1-1,14.284503,0.523752
JDK0.5-1-1.5,14.440989,0.517025
JDK1-1-0.5,15.161544,0.508235
JDK1-1-1,14.137157,0.496495
JDK1.5-1-0.5,14.387422,0.480163
JDK1.5-1-1,13.196124,0.520832
JDK1.5-1-1.5,15.316913,0.558532
JDKE,14.915702,0.816223
JDKF,14.000892,0.539436
