JVM,Mean,Std Error
JDKA,33.236732,0.834365
JDKB,23.957182,0.947463
JDKD,10.466431,0.373329
JDKE,28.38808,1.246686
JDKF,24.533549,0.8267
JDKG,24.392857,0.848475
JDKI,23.448617,1.017547
JDKP,16.763087,0.861428
JDKR,20.968504,0.780731
