JVM,Mean,Std Error
JDKA,10.646512,0.745106
JDKB,9.552652,0.430521
JDKD,8.800898,0.368503
JDKE,7.984836,0.395148
JDKF,9.553643,0.310561
JDKG,10.474589,0.82746
JDKI,10.643326,0.909141
JDKP,9.487717,0.400042
JDKR,9.394074,0.549162
