JVM,Mean,Std Error
JDKA,26.538462,2.024261
JDKB,18.553846,3.01096
JDKD,10.630769,1.839545
JDKE,62.061538,6.028413
JDKF,44.858333,3.471357
JDKG,22.830769,3.865377
JDKI,18.384615,2.042892
JDKP,13.2,2.014992
JDKR,25.075758,4.326333
