JVM,Mean,Std Error
JDKA,7.229358,0.671944
JDKB,6.869186,0.762932
JDKD,6.191304,0.527547
JDKE,7.220238,1.093439
JDKF,7.722045,0.627387
JDKG,7.092308,0.649576
JDKI,5.730994,0.54484
JDKP,5.783383,0.556612
JDKR,6.831325,0.665585
