JVM,Mean,Std Error
JDKA,66.52459,2.091279
JDKB,67.278027,2.572785
JDKD,12.453125,0.663424
JDKE,0.0,0.0
JDKF,150.659292,2.305285
JDKG,71.31875,2.700334
JDKI,58.630915,3.380728
JDKP,43.413483,2.819358
JDKR,58.833856,3.465129
