JVM,Mean,Std Error
JDKA,44.887755,3.989991
JDKB,48.318584,4.52651
JDKD,21.221239,1.86129
JDKE,84.60177,4.181024
JDKF,81.197115,2.869073
JDKG,38.158879,3.706503
JDKI,41.981481,4.235455
JDKP,35.535714,3.989992
JDKR,40.990909,4.920629
