JVM,Mean,Std Error
JDKA,41.970588,3.462937
JDKB,44.017699,4.6102
JDKD,13.5,1.599189
JDKE,79.300885,4.383697
JDKF,55.418269,3.718222
JDKG,38.154545,4.10029
JDKI,33.027778,4.77276
JDKP,24.405172,3.286061
JDKR,33.178571,4.317965
