JVM,Mean,Std Error
JDKA,84.602564,2.964143
JDKB,90.088608,3.05212
JDKD,28.656827,1.245054
JDKE,0.0,0.0
JDKF,81.153996,2.206709
JDKG,86.004255,2.950032
JDKI,70.921739,6.259984
JDKP,59.233051,5.511543
JDKR,67.470588,4.263298
