JVM,Mean,Std Error
JDKA,57.716049,5.490543
JDKB,59.135802,5.322493
JDKD,35.259259,3.396202
JDKE,41.469136,4.091548
JDKF,40.923611,3.658912
JDKG,54.901235,5.103999
JDKI,53.148148,6.604107
JDKP,45.185185,4.539746
JDKR,41.271605,4.068208
