JVM,Mean,Std Error
JDKA,47.658879,1.147369
JDKB,53.122314,2.244863
JDKD,12.48254,0.697886
JDKE,130.755776,3.04131
JDKF,85.138723,2.287495
JDKG,47.560127,1.661842
JDKI,37.912605,2.466752
JDKP,27.938511,2.148424
JDKR,37.127907,2.090639
