JVM,Mean,Std Error
JDKA,65.483871,3.72511
JDKB,59.286624,3.128098
JDKD,45.606452,2.799882
JDKE,45.360248,2.740548
JDKF,56.384375,2.494696
JDKG,60.564103,3.357709
JDKI,51.962733,3.305121
JDKP,51.836601,3.757877
JDKR,50.431373,3.175518
