JVM,Mean,Std Error
JDKA,54.658754,1.405242
JDKB,33.837838,1.855863
JDKD,10.922631,0.516048
JDKE,0.0,0.0
JDKF,72.577562,2.634911
JDKG,52.685294,2.661542
JDKI,44.361272,3.148003
JDKP,37.857143,2.958012
JDKR,29.585227,1.804816
