JVM,Mean,Std Error
JDKA,79.540816,3.50346
JDKB,77.560403,3.014355
JDKD,71.558621,8.082993
JDKE,64.870504,2.839606
JDKF,73.219684,2.316413
JDKG,76.467354,3.079637
JDKI,61.162866,2.673934
JDKP,69.540717,3.113667
JDKR,65.728223,3.216184
