JVM,Mean,Std Error
JDKA,81.547059,2.539643
JDKB,84.026786,2.731702
JDKD,50.432665,1.993554
JDKE,80.073864,2.63923
JDKF,84.262463,1.941369
JDKG,85.745399,2.601782
JDKI,66.877612,3.123438
JDKP,68.626113,3.704664
JDKR,71.682635,3.405649
