JVM,Mean,Std Error
JDKA,27.907692,2.143497
JDKB,24.553846,3.37461
JDKD,13.738462,1.749076
JDKE,60.353846,4.822545
JDKF,57.446429,3.614638
JDKG,33.076923,4.251827
JDKI,23.492308,3.311193
JDKP,24.2,3.542679
JDKR,29.323077,3.377535
