JVM,Mean,Std Error
JDKA,3.218085,0.354277
JDKB,5.37193,0.82039
JDKD,3.40035,0.410574
JDKE,5.142105,0.767695
JDKF,4.919795,0.471981
JDKG,3.273684,0.376258
JDKI,4.162587,0.582716
JDKP,3.453263,0.480545
JDKR,3.696809,0.524686
