JVM,Mean,Std Error
JDKA,39.864745,0.870226
JDKB,53.318426,1.509269
JDKD,11.809091,0.448363
JDKE,135.203501,3.007083
JDKF,125.112591,2.12131
JDKG,43.068323,1.358285
JDKI,39.320248,1.698246
JDKP,33.205725,1.890033
JDKR,52.833333,2.661948
