JVM,Mean,Std Error
JDKA,10.159334,0.500697
JDKB,9.219094,0.376897
JDKD,7.506748,0.302628
JDKE,4.690722,0.568231
JDKF,8.99017,0.370179
JDKG,9.587549,0.440892
JDKI,8.695709,0.393827
JDKP,9.059133,0.392342
JDKR,8.752404,0.405145
