JVM,Mean,Std Error
JDKA,46.693277,1.327602
JDKB,70.439252,2.397116
JDKD,22.275797,1.014447
JDKE,145.990476,2.439377
JDKF,120.407143,1.58605
JDKG,58.53012,2.294729
JDKI,48.889117,2.458544
JDKP,43.151685,2.461781
JDKR,53.33,2.786297
