JVM,Mean,Std Error
JDKA,43.597473,0.978439
JDKB,34.507745,1.551451
JDKD,11.929577,0.59376
JDKE,96.392931,2.999515
JDKF,55.974265,2.111804
JDKG,40.169145,1.535142
JDKI,33.0,1.900203
JDKP,23.91511,1.655024
JDKR,37.307832,1.991637
